Game,Discount %,Original,Final,Review % positive,Reviews,Review label,Store URL
Crystal Crisis,100,$8.19,$0.00,81,135,positive,https://store.steampowered.com/app/447700/
Deadshot,100,$3.29,$0.00,100,10,positive,https://store.steampowered.com/app/2484180/
Space Menace,100,$4.69,$0.00,58,39,mixed,https://store.steampowered.com/app/2000040/
Mecha Blade,95,$9.99,$0.49,,,,https://store.steampowered.com/app/2254310/
The Mythical City 2,95,$10.00,$0.50,66,15,mixed,https://store.steampowered.com/app/2999800/
Lasertron,95,$10.25,$0.51,,,,https://store.steampowered.com/app/1488060/
Masked Shooters 2,95,$10.49,$0.52,75,618,positive,https://store.steampowered.com/app/434250/
Masked Shooters,95,$10.49,$0.52,71,139,positive,https://store.steampowered.com/app/603130/
PIZZA WESTERN 🍕,95,$10.49,$0.52,90,10,positive,https://store.steampowered.com/app/3203320/
Stickman Synthwave Escape,95,$10.49,$0.52,75,12,positive,https://store.steampowered.com/app/1994350/
The Red Hood: Hunting the Wolf,95,$10.49,$0.52,72,11,positive,https://store.steampowered.com/app/3238780/
Dangerous Arena,95,$10.49,$0.52,71,14,positive,https://store.steampowered.com/app/2651760/
The Dragoness: Command of the Flame,95,$10.99,$0.54,66,135,mixed,https://store.steampowered.com/app/1413580/
The President,95,$10.99,$0.54,70,10,positive,https://store.steampowered.com/app/1930040/
The Faction,95,$10.99,$0.54,63,11,mixed,https://store.steampowered.com/app/2026280/
Last Generation: Survival,95,$10.99,$0.54,50,20,mixed,https://store.steampowered.com/app/1595600/
Mars Rover Simulator,95,$10.99,$0.54,25,24,negative,https://store.steampowered.com/app/1877360/
Zack 2: Celestine's Map,95,$10.99,$0.54,,,,https://store.steampowered.com/app/1218320/
Only Straight and Up!,95,$10.99,$0.54,,,,https://store.steampowered.com/app/2067030/
Hacker Man,95,$10.99,$0.54,,,,https://store.steampowered.com/app/1957240/
Spyer,95,$10.99,$0.54,,,,https://store.steampowered.com/app/1957560/
The Killer,95,$10.99,$0.54,,,,https://store.steampowered.com/app/1990280/
Rescuer,95,$10.99,$0.54,,,,https://store.steampowered.com/app/1606610/
Military Attack,95,$10.99,$0.54,,,,https://store.steampowered.com/app/2026290/
Combatant,95,$10.99,$0.54,,,,https://store.steampowered.com/app/1702370/
"BattleGrounds : War, Tanks And Nukes",95,$10.99,$0.54,,,,https://store.steampowered.com/app/1703640/
Agent 01,95,$10.99,$0.54,,,,https://store.steampowered.com/app/1932490/
The Tower Of Babel,95,$10.99,$0.54,,,,https://store.steampowered.com/app/2762390/
Decks Of Power,95,$10.99,$0.54,,,,https://store.steampowered.com/app/2216700/
Battlegrounds : The Pirate King,95,$10.99,$0.54,,,,https://store.steampowered.com/app/2907650/
The Ritual,95,$10.99,$0.54,,,,https://store.steampowered.com/app/3122100/
Battlegrounds : At Enemy Gates,95,$10.99,$0.54,,,,https://store.steampowered.com/app/2599320/
The Thief,95,$10.99,$0.54,,,,https://store.steampowered.com/app/1897410/
Obsessive Revenge,95,$10.99,$0.54,,,,https://store.steampowered.com/app/1897430/
Blastforge Breach,95,$12.99,$0.64,87,104,positive,https://store.steampowered.com/app/3706040/
Boom Buddy,95,$12.99,$0.64,83,126,positive,https://store.steampowered.com/app/3630310/
Bombunter,95,$12.99,$0.64,89,106,positive,https://store.steampowered.com/app/3705490/
TurboJoy,95,$12.99,$0.64,93,90,positive,https://store.steampowered.com/app/4162770/
Ammo Bounce,95,$12.99,$0.64,88,86,positive,https://store.steampowered.com/app/4162900/
Run from the Cops!,95,$12.99,$0.64,92,83,positive,https://store.steampowered.com/app/4162960/
Aquabike Rush,95,$12.99,$0.64,91,86,positive,https://store.steampowered.com/app/4163340/
Speed Vortex,95,$12.99,$0.64,92,89,positive,https://store.steampowered.com/app/4164480/
Master of 4 Swords,95,$12.99,$0.64,93,93,positive,https://store.steampowered.com/app/3850520/
Roata Mai,95,$12.99,$0.64,94,87,positive,https://store.steampowered.com/app/3862690/
Flying Tobacco Eggs,95,$12.99,$0.64,84,13,positive,https://store.steampowered.com/app/2999770/
Drift Stunt Racing 2019,95,$12.99,$0.64,70,17,positive,https://store.steampowered.com/app/938600/
Magic Trap,95,$15.99,$0.79,86,23,positive,https://store.steampowered.com/app/2930380/
Falco Totem Destroyer,95,$15.99,$0.79,100,10,positive,https://store.steampowered.com/app/2999760/
In a search of a new home,95,$16.89,$0.84,55,36,mixed,https://store.steampowered.com/app/1284510/
BotMobile,95,$19.99,$0.99,90,11,positive,https://store.steampowered.com/app/2805630/
Wild Animals Transporter,95,$19.99,$0.99,100,18,positive,https://store.steampowered.com/app/2862060/
One Chance,95,$19.99,$0.99,90,11,positive,https://store.steampowered.com/app/2862040/
Fox Golf,95,$19.99,$0.99,86,15,positive,https://store.steampowered.com/app/2833820/
Lunatic Taxi Driver,95,$19.99,$0.99,85,14,positive,https://store.steampowered.com/app/2862030/
Falco Tunes,95,$19.99,$0.99,100,12,positive,https://store.steampowered.com/app/2930390/
Animals vs Animals,95,$19.99,$0.99,78,14,positive,https://store.steampowered.com/app/2805620/
Fight till the End!,95,$19.99,$0.99,66,15,mixed,https://store.steampowered.com/app/2805660/
Desert Special Forces,95,$19.99,$0.99,65,20,mixed,https://store.steampowered.com/app/2805640/
The Great Axe,95,$19.99,$0.99,84,13,positive,https://store.steampowered.com/app/3592340/
Aquarelle,95,$19.99,$0.99,68,19,mixed,https://store.steampowered.com/app/1495580/
Steep™,95,$21.99,$1.09,84,12610,positive,https://store.steampowered.com/app/460920/
Agents of Mayhem,95,$22.99,$1.14,60,1819,mixed,https://store.steampowered.com/app/304530/
Not a Masterpıece,95,$24.99,$1.24,91,12,positive,https://store.steampowered.com/app/2898740/
Space Route,95,$24.99,$1.24,90,11,positive,https://store.steampowered.com/app/2063560/
Crown Wars: The Black Prince,95,$29.99,$1.49,60,502,mixed,https://store.steampowered.com/app/1658920/
Zorro The Chronicles,95,$29.99,$1.49,86,122,positive,https://store.steampowered.com/app/1571460/
EmberStride,95,$29.99,$1.49,91,12,positive,https://store.steampowered.com/app/4043270/
Skullbreaker,95,$29.99,$1.49,92,13,positive,https://store.steampowered.com/app/4052250/
TT Isle Of Man: Ride on the Edge 3,95,$30.99,$1.54,75,691,positive,https://store.steampowered.com/app/1924170/
Last Day of Zombies,95,$31.99,$1.59,,,,https://store.steampowered.com/app/2394600/
Hunting Simulator 2,95,$39.99,$1.99,70,917,positive,https://store.steampowered.com/app/1135910/
Adventures with Alan Parkour 3D,95,$39.99,$1.99,92,13,positive,https://store.steampowered.com/app/2540410/
Watch_Dogs® 2,95,$43.99,$2.19,81,27400,positive,https://store.steampowered.com/app/447040/
SCALEPLANET,95,$44.99,$2.24,100,10,positive,https://store.steampowered.com/app/1922360/
Fly Fly Dragon!,95,$47.43,$2.37,91,12,positive,https://store.steampowered.com/app/2471620/
The Mythical City 4,95,$49.99,$2.49,100,10,positive,https://store.steampowered.com/app/3039350/
Spaceship Driver License,95,$49.99,$2.49,100,11,positive,https://store.steampowered.com/app/2862050/
Zombodesert,95,$49.99,$2.49,91,12,positive,https://store.steampowered.com/app/2864300/
Car Parkour,95,$99.99,$4.99,63,22,mixed,https://store.steampowered.com/app/2374570/
The Hidden Ghost,95,$99.99,$4.99,,,,https://store.steampowered.com/app/1927540/
The Ultimate Shot,95,$99.99,$4.99,,,,https://store.steampowered.com/app/1917740/
Beach Gas Gas,95,$99.99,$4.99,,,,https://store.steampowered.com/app/2387820/
Bike Offroad Simulator,95,$99.99,$4.99,,,,https://store.steampowered.com/app/2400760/
Veteran Racer,94,$7.79,$0.46,,,,https://store.steampowered.com/app/4129690/
Helheim Hassle,94,$8.19,$0.49,91,341,positive,https://store.steampowered.com/app/1095120/
Psebay,94,$8.19,$0.49,88,93,positive,https://store.steampowered.com/app/608660/
Survive Isolation,94,$8.19,$0.49,90,10,positive,https://store.steampowered.com/app/1639090/
Mugsters,94,$8.19,$0.49,67,70,mixed,https://store.steampowered.com/app/712180/
! Wild Russia !,94,$8.19,$0.49,62,61,mixed,https://store.steampowered.com/app/1287250/
Storekeeper Revenge,94,$8.19,$0.49,100,11,positive,https://store.steampowered.com/app/2019630/
The Mythical City 3,94,$8.19,$0.49,100,10,positive,https://store.steampowered.com/app/2999810/
CandySweet,94,$8.19,$0.49,78,14,positive,https://store.steampowered.com/app/2007180/
Go Kart Survival,94,$8.19,$0.49,63,11,mixed,https://store.steampowered.com/app/713570/
Great Houses of Calderia,94,$8.49,$0.50,60,411,mixed,https://store.steampowered.com/app/1812910/
CowboysShowdown,94,$8.49,$0.50,90,11,positive,https://store.steampowered.com/app/1970700/
BeachRun,94,$8.49,$0.50,100,11,positive,https://store.steampowered.com/app/1970730/
Magic War,94,$8.49,$0.50,100,10,positive,https://store.steampowered.com/app/1970740/
SpearFrog,94,$8.49,$0.50,81,11,positive,https://store.steampowered.com/app/1970750/
DOLPHIN HUSTLE,94,$8.49,$0.50,75,16,positive,https://store.steampowered.com/app/1964750/
Drive,94,$8.49,$0.50,,,,https://store.steampowered.com/app/2074120/
Super Lumberjack,94,$31.99,$1.91,,,,https://store.steampowered.com/app/1069540/
Shiro,93,$6.49,$0.45,81,496,positive,https://store.steampowered.com/app/1290710/
MiceGard,93,$6.49,$0.45,84,88,positive,https://store.steampowered.com/app/2430660/
The Excrawlers,93,$6.49,$0.45,87,117,positive,https://store.steampowered.com/app/1598910/
Obsurity,93,$6.49,$0.45,72,256,positive,https://store.steampowered.com/app/1125110/
Zombie Outbreak 1943,93,$6.49,$0.45,,,,https://store.steampowered.com/app/3927150/
Go-Kart Racing 2,93,$6.99,$0.48,,,,https://store.steampowered.com/app/3455030/
Go-Kart Racing 3,93,$6.99,$0.48,,,,https://store.steampowered.com/app/4073930/
Star Hive: The Menace,93,$7.29,$0.51,,,,https://store.steampowered.com/app/2260310/
Cube Dodge,93,$7.29,$0.51,,,,https://store.steampowered.com/app/2182710/
Jad,93,$7.49,$0.52,75,60,positive,https://store.steampowered.com/app/1447060/
The Political Simulator,93,$7.49,$0.52,,,,https://store.steampowered.com/app/4942350/
Tower of Time,93,$8.49,$0.59,83,1395,positive,https://store.steampowered.com/app/617480/
Mordheim: City of the Damned,93,$14.99,$1.04,71,4761,positive,https://store.steampowered.com/app/276810/
Dark Forest: The Horror,92,$5.89,$0.47,64,31,mixed,https://store.steampowered.com/app/1787600/
Brunch Club,92,$6.19,$0.49,70,50,positive,https://store.steampowered.com/app/1045120/
Overdrive Escape,92,$6.29,$0.50,80,20,positive,https://store.steampowered.com/app/2398760/
ALICE VR,92,$6.29,$0.50,39,239,negative,https://store.steampowered.com/app/513320/
Pyramid of Wisdom,92,$6.29,$0.50,,,,https://store.steampowered.com/app/4517450/
Psihanul,92,$6.29,$0.50,,,,https://store.steampowered.com/app/1152000/
Smokyflex,92,$6.49,$0.51,90,11,positive,https://store.steampowered.com/app/2003270/
Maniac Path 3,92,$9.99,$0.79,100,12,positive,https://store.steampowered.com/app/3107940/
Organic Evolution,92,$9.99,$0.79,100,11,positive,https://store.steampowered.com/app/4730210/
Maniac Path 4,92,$9.99,$0.79,100,11,positive,https://store.steampowered.com/app/3536910/
Fastro Dude 2,92,$9.99,$0.79,100,10,positive,https://store.steampowered.com/app/3491920/
"OH NO, NOT ANOTHER L",92,$9.99,$0.79,100,12,positive,https://store.steampowered.com/app/4749860/
Skuf vs beer bottle party,92,$9.99,$0.79,92,13,positive,https://store.steampowered.com/app/3395220/
Matchmania Donate,92,$9.99,$0.79,91,12,positive,https://store.steampowered.com/app/3461200/
The Armed Shadow,92,$9.99,$0.79,94,17,positive,https://store.steampowered.com/app/3472010/
Magatch,92,$9.99,$0.79,94,17,positive,https://store.steampowered.com/app/3461190/
Restart Mode,92,$9.99,$0.79,81,16,positive,https://store.steampowered.com/app/4113460/
Dense forest,92,$9.99,$0.79,100,14,positive,https://store.steampowered.com/app/2650680/
NEUROSLOP,92,$9.99,$0.79,92,13,positive,https://store.steampowered.com/app/4733760/
Just Skill Shooter 4,92,$9.99,$0.79,76,17,positive,https://store.steampowered.com/app/2999790/
Skateboard Gravity,92,$9.99,$0.79,76,13,positive,https://store.steampowered.com/app/2701450/
Danger Drone,92,$9.99,$0.79,71,14,positive,https://store.steampowered.com/app/2684290/
Bastionforge,92,$9.99,$0.79,76,17,positive,https://store.steampowered.com/app/3714960/
Just Skill Shooter,92,$9.99,$0.79,47,36,mixed,https://store.steampowered.com/app/2417160/
Just skill shooter 2,92,$9.99,$0.79,53,32,mixed,https://store.steampowered.com/app/2684300/
Definitely Not a Cult,92,$9.99,$0.79,60,23,mixed,https://store.steampowered.com/app/4813940/
Just Skill Shooter: Catacombs,92,$9.99,$0.79,64,17,mixed,https://store.steampowered.com/app/3107980/
The Mythical City,92,$9.99,$0.79,60,38,mixed,https://store.steampowered.com/app/2555440/
Molecular Warfare,92,$9.99,$0.79,100,10,positive,https://store.steampowered.com/app/2345410/
Let's Park Bus Edition,92,$9.99,$0.79,100,11,positive,https://store.steampowered.com/app/2862020/
BobasQuest,92,$9.99,$0.79,88,26,positive,https://store.steampowered.com/app/2898750/
Chick-Chick,92,$9.99,$0.79,100,11,positive,https://store.steampowered.com/app/2587370/
Vacuum cleaner robot simulator: pile sos edition,92,$9.99,$0.79,85,14,positive,https://store.steampowered.com/app/2383850/
Deadblast,92,$9.99,$0.79,86,15,positive,https://store.steampowered.com/app/2390310/
The Firestorm is Coming,92,$9.99,$0.79,100,11,positive,https://store.steampowered.com/app/3662140/
Happy Piggy,92,$9.99,$0.79,100,13,positive,https://store.steampowered.com/app/3592350/
Gas Gas Rocket!,92,$9.99,$0.79,100,12,positive,https://store.steampowered.com/app/2833830/
Clan monsters,92,$9.99,$0.79,100,10,positive,https://store.steampowered.com/app/2432660/
World Drawn,92,$9.99,$0.79,100,11,positive,https://store.steampowered.com/app/3344560/
Dangerous line,92,$9.99,$0.79,100,11,positive,https://store.steampowered.com/app/3107950/
Difficult times,92,$9.99,$0.79,92,13,positive,https://store.steampowered.com/app/3107960/
Difficult times 2,92,$9.99,$0.79,100,13,positive,https://store.steampowered.com/app/3107970/
Summoner's Automata,92,$9.99,$0.79,85,14,positive,https://store.steampowered.com/app/3807920/
Happy Piggy 2,92,$9.99,$0.79,100,13,positive,https://store.steampowered.com/app/3768060/
Stepfight,92,$9.99,$0.79,100,10,positive,https://store.steampowered.com/app/3768110/
Color Madness,92,$9.99,$0.79,88,17,positive,https://store.steampowered.com/app/3460190/
My Bird,92,$9.99,$0.79,100,15,positive,https://store.steampowered.com/app/3461210/
Fastro Dude,92,$9.99,$0.79,85,14,positive,https://store.steampowered.com/app/3471980/
Survalker,92,$9.99,$0.79,85,14,positive,https://store.steampowered.com/app/4071710/
The Inseparables,92,$9.99,$0.79,100,11,positive,https://store.steampowered.com/app/4222750/
Emoji Wars,92,$9.99,$0.79,91,12,positive,https://store.steampowered.com/app/4429210/
Wasteland with Robots,92,$9.99,$0.79,94,34,positive,https://store.steampowered.com/app/4298510/
VILOVEJETS,92,$9.99,$0.79,100,11,positive,https://store.steampowered.com/app/4340880/
Neon Sunset,92,$9.99,$0.79,100,11,positive,https://store.steampowered.com/app/4734220/
DreamRace,92,$9.99,$0.79,92,13,positive,https://store.steampowered.com/app/4745770/
The Living Graveyard,92,$9.99,$0.79,100,10,positive,https://store.steampowered.com/app/4822800/
Stopping Move,92,$9.99,$0.79,100,10,positive,https://store.steampowered.com/app/4828640/
Ultrazone,92,$9.99,$0.79,76,13,positive,https://store.steampowered.com/app/2596470/
Winning Tactics,92,$9.99,$0.79,78,14,positive,https://store.steampowered.com/app/3662150/
PipeFlow,92,$9.99,$0.79,75,16,positive,https://store.steampowered.com/app/4271150/
Zombies and Orcs,92,$9.99,$0.79,62,16,mixed,https://store.steampowered.com/app/3387740/
Abstract Driver,92,$9.99,$0.79,59,22,mixed,https://store.steampowered.com/app/2415120/
Gold Defence,92,$9.99,$0.79,65,20,mixed,https://store.steampowered.com/app/3862930/
Zadel Princess,92,$10.99,$0.87,68,19,mixed,https://store.steampowered.com/app/1893330/
Fantasy Idle Dungeon,91,$5.49,$0.49,70,737,positive,https://store.steampowered.com/app/3424610/
Caveblazers,91,$5.49,$0.49,86,1571,positive,https://store.steampowered.com/app/452060/
Drink More Glurp,91,$5.49,$0.49,89,194,positive,https://store.steampowered.com/app/1056690/
Arelite Core,91,$5.49,$0.49,84,32,positive,https://store.steampowered.com/app/466160/
CAT Interstellar,91,$5.49,$0.49,70,696,positive,https://store.steampowered.com/app/384740/
Instant Death,91,$5.49,$0.49,75,64,positive,https://store.steampowered.com/app/779360/
Where's My Helmet?,91,$5.49,$0.49,71,100,positive,https://store.steampowered.com/app/470450/
Diamonds Collector,91,$5.49,$0.49,78,14,positive,https://store.steampowered.com/app/2805650/
Mr Nibbles Forever,91,$5.49,$0.49,83,71,positive,https://store.steampowered.com/app/448050/
Space Battle VR,91,$5.49,$0.49,65,88,mixed,https://store.steampowered.com/app/982700/
Take the Cake,91,$5.49,$0.49,81,32,positive,https://store.steampowered.com/app/500440/
Playing History: Vikings,91,$5.49,$0.49,77,85,positive,https://store.steampowered.com/app/368760/
Top Burger,91,$5.49,$0.49,78,51,positive,https://store.steampowered.com/app/1058930/
Him and I,91,$5.49,$0.49,76,21,positive,https://store.steampowered.com/app/1157010/
Playing History - The Plague,91,$5.49,$0.49,76,95,positive,https://store.steampowered.com/app/395920/
The Devilry Reservation,91,$9.99,$0.89,90,65,positive,https://store.steampowered.com/app/2309630/
UBERMOSH,90,$4.50,$0.45,94,3797,positive,https://store.steampowered.com/app/357070/
Barro,90,$4.50,$0.45,82,735,positive,https://store.steampowered.com/app/618140/
Tiny Onion Knight,90,$4.50,$0.45,67,109,mixed,https://store.steampowered.com/app/2207100/
Barro 22,90,$4.50,$0.45,89,871,positive,https://store.steampowered.com/app/1797610/
Swarmlake,90,$4.50,$0.45,94,1847,positive,https://store.steampowered.com/app/793350/
Cyberhunt,90,$4.50,$0.45,84,709,positive,https://store.steampowered.com/app/636150/
Rock 'N' Roll Defense,90,$4.50,$0.45,83,1093,positive,https://store.steampowered.com/app/438480/
Barro T23,90,$4.50,$0.45,82,254,positive,https://store.steampowered.com/app/2379030/
SOK,90,$4.50,$0.45,88,223,positive,https://store.steampowered.com/app/765940/
TitTok,90,$4.50,$0.45,86,113,positive,https://store.steampowered.com/app/1534260/
TitTok 3,90,$4.50,$0.45,87,57,positive,https://store.steampowered.com/app/2003220/
SOK MIN,90,$4.50,$0.45,90,116,positive,https://store.steampowered.com/app/839340/
CPU Invaders - 3i Atlas,90,$4.50,$0.45,98,77,positive,https://store.steampowered.com/app/4234170/
SOK MAX,90,$4.50,$0.45,87,79,positive,https://store.steampowered.com/app/786820/
QUICKERFLAK,90,$4.50,$0.45,89,1094,positive,https://store.steampowered.com/app/1836120/
Barro 2024,90,$4.50,$0.45,78,185,positive,https://store.steampowered.com/app/3119720/
SOK PRO,90,$4.50,$0.45,90,60,positive,https://store.steampowered.com/app/1399300/
TitTok Kitty,90,$4.50,$0.45,90,73,positive,https://store.steampowered.com/app/2010320/
Welcome Back To 2007 Part II,90,$4.50,$0.45,86,50,positive,https://store.steampowered.com/app/848550/
NUMANUIN,90,$4.50,$0.45,92,25,positive,https://store.steampowered.com/app/2261040/
DROPSOL,90,$4.50,$0.45,86,15,positive,https://store.steampowered.com/app/2439120/
Skiing Frenzy,90,$4.50,$0.45,100,16,positive,https://store.steampowered.com/app/2389500/
TitTok 2,90,$4.50,$0.45,87,49,positive,https://store.steampowered.com/app/1764810/
Andarilho,90,$4.50,$0.45,66,1204,mixed,https://store.steampowered.com/app/450860/
101 Cute Dogs: Find & Paint,90,$4.50,$0.45,79,24,positive,https://store.steampowered.com/app/3210730/
Cyberemo 2007,90,$4.50,$0.45,79,92,positive,https://store.steampowered.com/app/848530/
Welcome Back To 2007,90,$4.50,$0.45,77,227,positive,https://store.steampowered.com/app/666940/
Ball of Wonder,90,$4.50,$0.45,69,75,mixed,https://store.steampowered.com/app/508760/
Call Of The Mighty Warriors,90,$4.50,$0.45,59,293,mixed,https://store.steampowered.com/app/485440/
Bighead Runner,90,$4.50,$0.45,70,164,positive,https://store.steampowered.com/app/863490/
Trip to Vinelands,90,$4.50,$0.45,85,1576,positive,https://store.steampowered.com/app/546090/
TTV2,90,$4.50,$0.45,86,1490,positive,https://store.steampowered.com/app/701470/
ABSURDIKA,90,$4.50,$0.45,63,11,mixed,https://store.steampowered.com/app/2387660/
Collecstar,90,$4.50,$0.45,,,,https://store.steampowered.com/app/2538480/
Bellboy Boris,90,$4.50,$0.45,,,,https://store.steampowered.com/app/2528850/
Runner Roy,90,$4.50,$0.45,,,,https://store.steampowered.com/app/2426770/
Ranphon,90,$4.50,$0.45,,,,https://store.steampowered.com/app/2505530/
Alfredo's Sneaky Meal,90,$4.50,$0.45,,,,https://store.steampowered.com/app/2484880/
Ladderway,90,$4.50,$0.45,,,,https://store.steampowered.com/app/2485660/
Rafting Frenzy,90,$4.50,$0.45,,,,https://store.steampowered.com/app/2454000/
Gal*Gun 2 - Doki Doki VR Mode,90,$4.69,$0.46,68,77,mixed,https://store.steampowered.com/app/932660/
Super Buff HD,90,$4.99,$0.49,94,34,positive,https://store.steampowered.com/app/1295220/
Speedollama,90,$4.99,$0.49,95,23,positive,https://store.steampowered.com/app/2571500/
The Uncertain: Light At The End,90,$4.99,$0.49,64,971,mixed,https://store.steampowered.com/app/925570/
Infernal Radiation,90,$4.99,$0.49,86,50,positive,https://store.steampowered.com/app/832140/
Perseus: Titan Slayer,90,$4.99,$0.49,63,348,mixed,https://store.steampowered.com/app/2003050/
祛魅·入灭（祛魅2） - 豪华礼包,90,$4.99,$0.49,100,11,positive,https://store.steampowered.com/app/1496830/
Street Heat,90,$4.99,$0.49,58,17,mixed,https://store.steampowered.com/app/744040/
Quantum Replica,90,$4.99,$0.49,57,40,mixed,https://store.steampowered.com/app/470090/
Super Jigsaw Puzzle: Generations - Bridges,90,$4.99,$0.49,,,,https://store.steampowered.com/app/2023090/
Super Jigsaw Puzzle: Generations - Random Puzzles 4,90,$4.99,$0.49,,,,https://store.steampowered.com/app/1840602/
Qume: Echoes of Sand,90,$4.99,$0.49,,,,https://store.steampowered.com/app/3676870/
Agent Intercept,90,$5.00,$0.50,86,150,positive,https://store.steampowered.com/app/1502710/
Hitman: Blood Money,90,$5.49,$0.54,94,6687,positive,https://store.steampowered.com/app/6860/
Robot Roller-Derby Disco Dodgeball,90,$5.49,$0.54,92,1947,positive,https://store.steampowered.com/app/270450/
Ghost Signal: A Stellaris Game,90,$5.49,$0.54,93,104,positive,https://store.steampowered.com/app/2156770/
Jetborne Racing,90,$5.49,$0.54,88,491,positive,https://store.steampowered.com/app/1397650/
miniBONG,90,$5.49,$0.54,79,882,positive,https://store.steampowered.com/app/2411910/
The Purring Quest,90,$5.49,$0.54,81,1205,positive,https://store.steampowered.com/app/409100/
The Red Solstice,90,$5.49,$0.54,72,883,positive,https://store.steampowered.com/app/265590/
Echoes,90,$5.49,$0.54,92,26,positive,https://store.steampowered.com/app/1775220/
Pumped BMX +,90,$5.49,$0.54,85,234,positive,https://store.steampowered.com/app/392070/
The Guest,90,$5.49,$0.54,73,852,positive,https://store.steampowered.com/app/402040/
VEX MAGE,90,$5.49,$0.54,95,23,positive,https://store.steampowered.com/app/2700810/
Bug Academy,90,$5.49,$0.54,95,262,positive,https://store.steampowered.com/app/881040/
10 Second Ninja X,90,$5.49,$0.54,85,307,positive,https://store.steampowered.com/app/435790/
Wraith: The Oblivion - Afterlife,90,$5.49,$0.54,61,104,mixed,https://store.steampowered.com/app/1386870/
Traffic Jams,90,$5.49,$0.54,85,49,positive,https://store.steampowered.com/app/1301930/
Ultra Space Battle Brawl,90,$5.49,$0.54,81,96,positive,https://store.steampowered.com/app/658500/
Shatter Remastered Deluxe,90,$5.49,$0.54,71,45,positive,https://store.steampowered.com/app/1937230/
Infectonator: Survivors,90,$5.49,$0.54,67,997,mixed,https://store.steampowered.com/app/269310/
Porcunipine,90,$5.49,$0.54,87,71,positive,https://store.steampowered.com/app/352620/
Re:Touring,90,$5.49,$0.54,100,28,positive,https://store.steampowered.com/app/2318920/
Egyptian Senet,90,$5.49,$0.54,81,200,positive,https://store.steampowered.com/app/391580/
Lesson Learned,90,$5.49,$0.54,70,10,positive,https://store.steampowered.com/app/1563870/
Barry of Wrath,90,$5.49,$0.54,96,28,positive,https://store.steampowered.com/app/1888720/
Angel Made,90,$5.49,$0.54,100,31,positive,https://store.steampowered.com/app/1500470/
Foodtruck Arena,90,$5.49,$0.54,100,11,positive,https://store.steampowered.com/app/1182280/
Tales of the Tiny Planet,90,$5.49,$0.54,90,33,positive,https://store.steampowered.com/app/616040/
Descending I - House of Nightmares,90,$5.49,$0.54,89,47,positive,https://store.steampowered.com/app/1575730/
A Night at the Races,90,$5.49,$0.54,86,22,positive,https://store.steampowered.com/app/1082000/
Stone 4 Souls,90,$5.49,$0.54,78,32,positive,https://store.steampowered.com/app/3507680/
Plastic Rebellion,90,$5.49,$0.54,70,27,positive,https://store.steampowered.com/app/789160/
Space Robinson: Hardcore Roguelike Action,90,$5.49,$0.54,66,162,mixed,https://store.steampowered.com/app/953870/
Reptiles: In Hunt,90,$5.49,$0.54,57,97,mixed,https://store.steampowered.com/app/897380/
Mannequin,90,$5.49,$0.54,79,39,positive,https://store.steampowered.com/app/2409260/
ZooKeeper,90,$5.49,$0.54,65,41,mixed,https://store.steampowered.com/app/1027810/
Witchcrafty,90,$5.49,$0.54,53,54,mixed,https://store.steampowered.com/app/1122280/
Miniballist,90,$5.49,$0.54,72,90,positive,https://store.steampowered.com/app/628580/
Fearful Symmetry & The Cursed Prince,90,$5.49,$0.54,78,33,positive,https://store.steampowered.com/app/725080/
Tartapolis,90,$5.49,$0.54,75,12,positive,https://store.steampowered.com/app/1072110/
Qora,90,$5.49,$0.54,68,260,mixed,https://store.steampowered.com/app/304460/
Niko: Through The Dream,90,$5.49,$0.54,69,200,mixed,https://store.steampowered.com/app/296550/
Fossilfuel VR: Raptor Isolation,90,$5.49,$0.54,50,10,mixed,https://store.steampowered.com/app/1774650/
Cast of the Seven Godsends - Redux,90,$5.49,$0.54,65,75,mixed,https://store.steampowered.com/app/373360/
Midnight Caravan,90,$5.49,$0.54,64,14,mixed,https://store.steampowered.com/app/849140/
V ARRR,90,$5.49,$0.54,64,76,mixed,https://store.steampowered.com/app/478950/
Pangeon,90,$5.49,$0.54,60,48,mixed,https://store.steampowered.com/app/983670/
Zombie Outbreak 1942,90,$5.49,$0.54,72,11,positive,https://store.steampowered.com/app/3696080/
Deathlike: Awakening,90,$5.49,$0.54,66,18,mixed,https://store.steampowered.com/app/570230/
Bridge! 2,90,$5.49,$0.54,24,45,negative,https://store.steampowered.com/app/434090/
Sapper - Defuse The Bomb Simulator,90,$5.49,$0.54,34,73,negative,https://store.steampowered.com/app/1083070/
Jump Stars,90,$5.49,$0.54,35,14,negative,https://store.steampowered.com/app/486990/
Pro Rugby Manager 2015,90,$5.49,$0.54,19,131,negative,https://store.steampowered.com/app/273030/
Soul Tolerance: Prologue,90,$5.49,$0.54,,,,https://store.steampowered.com/app/1820430/
EnterVR,90,$5.49,$0.54,,,,https://store.steampowered.com/app/574520/
Pixel Puzzles Traditional Jigsaws Pack: Colorful Animals,90,$5.49,$0.54,,,,https://store.steampowered.com/app/1176231/
Pixel Puzzles Traditional Jigsaws Pack: Variety Pack XXS,90,$5.49,$0.54,,,,https://store.steampowered.com/app/1176218/
Jigsaw Puzzle Pack - Pixel Puzzles Ultimate: Mini Beasts,90,$5.49,$0.54,,,,https://store.steampowered.com/app/1952644/
Frol Blok,90,$5.49,$0.54,,,,https://store.steampowered.com/app/787160/
Blackjack Simulator 2026,90,$5.49,$0.54,,,,https://store.steampowered.com/app/4345370/
System Critical 2,90,$5.49,$0.54,,,,https://store.steampowered.com/app/2330850/
KAIBIL,90,$5.49,$0.54,,,,https://store.steampowered.com/app/4095990/
Going Loco,90,$5.49,$0.54,,,,https://store.steampowered.com/app/2907340/
Lies as a Starting Point,90,$5.49,$0.54,,,,https://store.steampowered.com/app/2490950/
Home Detective VR - Immersive Edition,90,$5.49,$0.54,,,,https://store.steampowered.com/app/2758950/
ATC Flight Operator,90,$5.49,$0.54,,,,https://store.steampowered.com/app/3439100/
Scooter Delivery VR,90,$5.49,$0.54,,,,https://store.steampowered.com/app/1060980/
Legend of Labot: The Golden Pearl,90,$5.49,$0.54,,,,https://store.steampowered.com/app/1753160/
Fusion Paradox 🔫,90,$5.49,$0.54,,,,https://store.steampowered.com/app/2151770/
FJN Roulette Cup,90,$5.49,$0.54,,,,https://store.steampowered.com/app/4353190/
Blackjack Simulator 2025,90,$5.49,$0.54,,,,https://store.steampowered.com/app/3887010/
Roulette Simulator 2026,90,$5.49,$0.54,,,,https://store.steampowered.com/app/3797020/
Slayer Mage: My First RPG - Support Pack (Art Included),90,$5.49,$0.54,,,,https://store.steampowered.com/app/4556400/
I am not a Monster: First Contact,90,$5.89,$0.58,78,492,positive,https://store.steampowered.com/app/826600/
"Trolley Problem, Inc.",90,$5.89,$0.58,67,1266,mixed,https://store.steampowered.com/app/1582680/
Defendion,90,$5.89,$0.58,36,11,negative,https://store.steampowered.com/app/848710/
Jigsaw Puzzle Pack - Pixel Puzzles Ultimate: Variety Pack 26,90,$5.89,$0.58,,,,https://store.steampowered.com/app/1952659/
Jigsaw Puzzle Pack - Pixel Puzzles Ultimate: Variety Pack 9XS,90,$5.89,$0.58,,,,https://store.steampowered.com/app/3059910/
Jigsaw Puzzle Pack - Pixel Puzzles Ultimate: Graffiti,90,$5.89,$0.58,,,,https://store.steampowered.com/app/3059870/
Jigsaw Puzzle Pack - Pixel Puzzles Ultimate: Jiu Jitsu,90,$5.99,$0.59,,,,https://store.steampowered.com/app/1952657/
Escape the Grid VR,90,$5.99,$0.59,,,,https://store.steampowered.com/app/859560/
Deadly Days,90,$6.19,$0.61,86,1390,positive,https://store.steampowered.com/app/740080/
Tomboy Adventure,90,$6.19,$0.61,92,253,positive,https://store.steampowered.com/app/1970060/
Hexguardian,90,$6.19,$0.61,78,617,positive,https://store.steampowered.com/app/2381740/
Binaries,90,$6.19,$0.61,87,56,positive,https://store.steampowered.com/app/435800/
Zombie Vikings,90,$6.19,$0.61,77,271,positive,https://store.steampowered.com/app/337480/
Anime Girls VR,90,$6.19,$0.61,45,24,mixed,https://store.steampowered.com/app/767110/
Virtual Reality Girls,90,$6.19,$0.61,47,36,mixed,https://store.steampowered.com/app/752050/
Virtual Reality Girls 2,90,$6.19,$0.61,10,10,negative,https://store.steampowered.com/app/767130/
Jigsaw Puzzle Pack - Pixel Puzzles Ultimate: Variety Pack 24,90,$6.19,$0.61,,,,https://store.steampowered.com/app/1952649/
Jigsaw Puzzle Pack - Pixel Puzzles Ultimate: Animals 2,90,$6.19,$0.61,,,,https://store.steampowered.com/app/3059900/
Jigsaw Puzzle Pack - Pixel Puzzles Ultimate: Shipwrecks 2,90,$6.19,$0.61,,,,https://store.steampowered.com/app/3059920/
Evergate,90,$6.29,$0.62,93,132,positive,https://store.steampowered.com/app/845030/
Gal*Gun: Double Peace - 'Demon Pork Buns' Item,90,$6.29,$0.62,70,10,positive,https://store.steampowered.com/app/537790/
Time To Stop Time,90,$6.29,$0.62,71,161,positive,https://store.steampowered.com/app/1132970/
Rover Builder,90,$6.29,$0.62,66,77,mixed,https://store.steampowered.com/app/683770/
Ciel Fledge: A Daughter Raising Simulator,90,$6.29,$0.62,64,103,mixed,https://store.steampowered.com/app/738270/
Mega Solitaire Collection,90,$6.29,$0.62,63,11,mixed,https://store.steampowered.com/app/1575910/
Otaku VR: Sit-ups and Kisses,90,$6.29,$0.62,,,,https://store.steampowered.com/app/4357410/
Gal*Gun: Double Peace - 'Angel Cutting Board' Item,90,$6.29,$0.62,,,,https://store.steampowered.com/app/537780/
One Day of an Insurance Agent,90,$6.29,$0.62,,,,https://store.steampowered.com/app/1593250/
Jack In Town,90,$6.29,$0.62,,,,https://store.steampowered.com/app/1175500/
Mr.T Survival,90,$6.29,$0.62,,,,https://store.steampowered.com/app/2417250/
Djinn - The Forbidden Knowledge,90,$6.29,$0.62,,,,https://store.steampowered.com/app/2941750/
Stealth Bastard Deluxe,90,$6.49,$0.64,88,724,positive,https://store.steampowered.com/app/209190/
Bots Are Stupid,90,$6.49,$0.64,77,161,positive,https://store.steampowered.com/app/1578160/
Four Sided Fantasy,90,$6.49,$0.64,79,262,positive,https://store.steampowered.com/app/337490/
Luna's Wandering Stars,90,$6.49,$0.64,83,24,positive,https://store.steampowered.com/app/330660/
Celestian Tales: Old North,90,$6.49,$0.64,69,348,mixed,https://store.steampowered.com/app/315860/
Moonfall Ultimate,90,$6.49,$0.64,48,27,mixed,https://store.steampowered.com/app/853940/
A LONEY,90,$6.49,$0.64,90,11,positive,https://store.steampowered.com/app/2050490/
Commander '85,90,$6.49,$0.64,33,21,negative,https://store.steampowered.com/app/1086990/
Beat Ninja,90,$6.49,$0.64,,,,https://store.steampowered.com/app/493040/
Beholder,90,$6.79,$0.67,81,3118,positive,https://store.steampowered.com/app/475550/
Art Of Air War,90,$6.79,$0.67,,,,https://store.steampowered.com/app/1116600/
The Last Campfire,90,$6.99,$0.69,97,5806,positive,https://store.steampowered.com/app/990630/
Titan Souls,90,$6.99,$0.69,71,2804,positive,https://store.steampowered.com/app/297130/
The Coma 2: Vicious Sisters,90,$6.99,$0.69,94,418,positive,https://store.steampowered.com/app/1045720/
The Coma: Recut,90,$6.99,$0.69,78,396,positive,https://store.steampowered.com/app/600090/
Maskmaker,90,$6.99,$0.69,93,254,positive,https://store.steampowered.com/app/1337530/
The Wardrobe - Even Better Edition,90,$6.99,$0.69,80,569,positive,https://store.steampowered.com/app/497730/
Heroes of a Broken Land,90,$6.99,$0.69,86,190,positive,https://store.steampowered.com/app/314470/
Detective Gallo,90,$6.99,$0.69,82,140,positive,https://store.steampowered.com/app/556060/
Skyworld,90,$6.99,$0.69,79,229,positive,https://store.steampowered.com/app/342190/
TOSS!🍌,90,$6.99,$0.69,93,45,positive,https://store.steampowered.com/app/1270460/
When Ski Lifts Go Wrong,90,$6.99,$0.69,87,520,positive,https://store.steampowered.com/app/638000/
Moto Racer  4,90,$6.99,$0.69,60,344,mixed,https://store.steampowered.com/app/417430/
Pumped BMX Pro,90,$6.99,$0.69,81,81,positive,https://store.steampowered.com/app/966720/
Startenders: Intergalactic Bartending,90,$6.99,$0.69,85,48,positive,https://store.steampowered.com/app/1571380/
Lost Artifacts - Ancient Tribe Survival,90,$6.99,$0.69,91,99,positive,https://store.steampowered.com/app/708150/
Gnomes Garden 2,90,$6.99,$0.69,90,186,positive,https://store.steampowered.com/app/449170/
Clunky Hero,90,$6.99,$0.69,67,111,mixed,https://store.steampowered.com/app/1687990/
Stealth Inc 2: A Game of Clones,90,$6.99,$0.69,74,125,positive,https://store.steampowered.com/app/329380/
Stealth Bastard Deluxe - The Teleporter Chambers,90,$6.99,$0.69,88,17,positive,https://store.steampowered.com/app/209202/
Three Minutes To Eight,90,$6.99,$0.69,63,130,mixed,https://store.steampowered.com/app/2303320/
The Lightbringer,90,$6.99,$0.69,62,54,mixed,https://store.steampowered.com/app/1561660/
Urlaubsflug Simulator – Holiday Flight Simulator,90,$6.99,$0.69,58,117,mixed,https://store.steampowered.com/app/500170/
Detective Solitaire Inspector Magic and the Man Without Face,90,$6.99,$0.69,72,11,positive,https://store.steampowered.com/app/1329440/
Celestian Tales: Realms Beyond,90,$6.99,$0.69,64,28,mixed,https://store.steampowered.com/app/684700/
Argonauts Agency: Missing Daughter,90,$6.99,$0.69,70,10,positive,https://store.steampowered.com/app/1788910/
Fairytale Solitaire. Witch Charms,90,$6.99,$0.69,75,12,positive,https://store.steampowered.com/app/1164310/
New Lands 2 Collector's Edition,90,$6.99,$0.69,58,12,mixed,https://store.steampowered.com/app/1788930/
Nova Strike,90,$6.99,$0.69,68,19,mixed,https://store.steampowered.com/app/2320280/
RAZED,90,$6.99,$0.69,64,25,mixed,https://store.steampowered.com/app/726710/
Picross Fairytale: Legend of the Mermaid,90,$6.99,$0.69,52,48,mixed,https://store.steampowered.com/app/820040/
Unit 4,90,$6.99,$0.69,66,18,mixed,https://store.steampowered.com/app/633440/
BattleRush: Ardennes Assault,90,$6.99,$0.69,52,57,mixed,https://store.steampowered.com/app/969970/
Mahjong Royal Towers,90,$6.99,$0.69,54,11,mixed,https://store.steampowered.com/app/1158820/
Alice's Jigsaw. Wonderland Chronicles,90,$6.99,$0.69,69,13,mixed,https://store.steampowered.com/app/1034380/
1001 Jigsaw: Earth Chronicles 4,90,$6.99,$0.69,61,13,mixed,https://store.steampowered.com/app/1664980/
Sweet Solitaire: School Witch,90,$6.99,$0.69,68,16,mixed,https://store.steampowered.com/app/1263490/
1001 Jigsaw World Tour Asia,90,$6.99,$0.69,63,11,mixed,https://store.steampowered.com/app/1398590/
Solitaire Legend of the Pirates,90,$6.99,$0.69,54,11,mixed,https://store.steampowered.com/app/1128440/
DayD: Through time. Jurassic Rush,90,$6.99,$0.69,47,19,mixed,https://store.steampowered.com/app/869560/
Gnumz: Masters of Defense,90,$6.99,$0.69,69,111,mixed,https://store.steampowered.com/app/371460/
Egypt Picross Pharaohs Riddles,90,$6.99,$0.69,75,12,positive,https://store.steampowered.com/app/1395000/
Detective Riddles - Sherlock's Heritage,90,$6.99,$0.69,60,10,mixed,https://store.steampowered.com/app/1546340/
BattleRush 2,90,$6.99,$0.69,65,528,mixed,https://store.steampowered.com/app/871990/
American Election Simulator,90,$6.99,$0.69,65,20,mixed,https://store.steampowered.com/app/3149960/
Filmmaker Tycoon,90,$6.99,$0.69,21,83,negative,https://store.steampowered.com/app/778010/
Fill and Cross World Contest,90,$6.99,$0.69,33,12,negative,https://store.steampowered.com/app/1398600/
Dungeon Mercenaries,90,$6.99,$0.69,,,,https://store.steampowered.com/app/2928090/
Fairytale Mosaics Beauty And The Beast 2,90,$6.99,$0.69,,,,https://store.steampowered.com/app/1495110/
Slotracers VR,90,$6.99,$0.69,,,,https://store.steampowered.com/app/1222480/
1001 Jigsaw Detective 2,90,$6.99,$0.69,,,,https://store.steampowered.com/app/1895550/
Principle of Karma,90,$6.99,$0.69,,,,https://store.steampowered.com/app/1985160/
Christmas Mosaic Puzzle,90,$6.99,$0.69,,,,https://store.steampowered.com/app/1495090/
BUBBERKNUCKLES,90,$6.99,$0.69,,,,https://store.steampowered.com/app/1168210/
Fill and Cross Royal Riddles,90,$6.99,$0.69,,,,https://store.steampowered.com/app/1396020/
1001 Jigsaw. Home Sweet Home 3,90,$6.99,$0.69,,,,https://store.steampowered.com/app/1973670/
Jigsaw Puzzle Pack - Pixel Puzzles Ultimate: Bioframe,90,$7.19,$0.71,,,,https://store.steampowered.com/app/3059860/
Jigsaw Puzzle Pack - Pixel Puzzles Ultimate: Variety Pack 25,90,$7.19,$0.71,,,,https://store.steampowered.com/app/1952643/
Do Not Feed the Monkeys,90,$7.29,$0.72,91,2319,positive,https://store.steampowered.com/app/658850/
Lacuna – A Sci-Fi Noir Adventure,90,$7.29,$0.72,92,724,positive,https://store.steampowered.com/app/1364100/
Disjunction,90,$7.29,$0.72,72,133,positive,https://store.steampowered.com/app/979310/
Paper Dolls VR,90,$7.29,$0.72,47,104,mixed,https://store.steampowered.com/app/851050/
World of Aircraft: Glider Simulator,90,$7.29,$0.72,38,49,negative,https://store.steampowered.com/app/1041520/
Abermore,90,$7.29,$0.72,17,45,negative,https://store.steampowered.com/app/1569220/
Dead End Job,90,$7.49,$0.74,71,74,positive,https://store.steampowered.com/app/827610/
FLASHOUT 2,90,$7.49,$0.74,56,151,mixed,https://store.steampowered.com/app/298340/
The Vision Of The Ant,90,$7.49,$0.74,,,,https://store.steampowered.com/app/1854280/
Blast Ensemble,90,$7.49,$0.74,,,,https://store.steampowered.com/app/1617920/
Tales & Tactics,90,$7.79,$0.77,80,1737,positive,https://store.steampowered.com/app/1652250/
Technicity,90,$7.79,$0.77,75,200,positive,https://store.steampowered.com/app/781180/
Sphere - Flying Cities,90,$7.79,$0.77,44,178,mixed,https://store.steampowered.com/app/1273220/
Golfie,90,$7.79,$0.77,66,275,mixed,https://store.steampowered.com/app/1579020/
Alien Breed 2: Assault,90,$7.82,$0.78,77,424,positive,https://store.steampowered.com/app/22650/
Alien Breed: Impact,90,$7.82,$0.78,78,1056,positive,https://store.steampowered.com/app/22610/
Alien Breed 3: Descent,90,$7.82,$0.78,77,393,positive,https://store.steampowered.com/app/22670/
Secret Files: Tunguska,90,$7.99,$0.79,86,374,positive,https://store.steampowered.com/app/40330/
Secret Files 2: Puritas Cordis,90,$7.99,$0.79,85,203,positive,https://store.steampowered.com/app/40340/
Secret Files: Sam Peters,90,$7.99,$0.79,72,205,positive,https://store.steampowered.com/app/257220/
Secret Files 3,90,$7.99,$0.79,69,181,mixed,https://store.steampowered.com/app/216210/
Undercover Missions: Operation Kursk K-141,90,$7.99,$0.79,42,49,mixed,https://store.steampowered.com/app/403390/
Truck Mechanic Simulator 2015,90,$7.99,$0.79,47,152,mixed,https://store.steampowered.com/app/331880/
Hitman: Absolution™,90,$8.19,$0.81,88,14277,positive,https://store.steampowered.com/app/203140/
Crime Boss: Rockay City,90,$8.19,$0.81,73,4083,positive,https://store.steampowered.com/app/2933080/
X-Morph: Defense,90,$8.19,$0.81,91,1190,positive,https://store.steampowered.com/app/408410/
Duke Nukem 3D: 20th Anniversary World Tour,90,$8.19,$0.81,80,3323,positive,https://store.steampowered.com/app/434050/
Drug Dealer Simulator,90,$8.19,$0.81,84,9543,positive,https://store.steampowered.com/app/682990/
Hexarchy,90,$8.19,$0.81,83,1231,positive,https://store.steampowered.com/app/1356810/
Serious Sam Fusion 2017 (beta),90,$8.19,$0.81,91,1757,positive,https://store.steampowered.com/app/564310/
Aces & Adventures,90,$8.19,$0.81,88,619,positive,https://store.steampowered.com/app/1815570/
Serious Sam VR: The First Encounter,90,$8.19,$0.81,87,711,positive,https://store.steampowered.com/app/552450/
Sword Reverie,90,$8.19,$0.81,72,118,positive,https://store.steampowered.com/app/1377430/
SOULVARS,90,$8.19,$0.81,78,70,positive,https://store.steampowered.com/app/2087910/
Song of Farca,90,$8.19,$0.81,78,1387,positive,https://store.steampowered.com/app/1435670/
Dry Drowning,90,$8.19,$0.81,82,396,positive,https://store.steampowered.com/app/1077970/
Glorious Companions,90,$8.19,$0.81,61,182,mixed,https://store.steampowered.com/app/1001040/
House Flipper VR,90,$8.19,$0.81,52,262,mixed,https://store.steampowered.com/app/1194700/
√Letter - Root Letter -,90,$8.19,$0.81,78,552,positive,https://store.steampowered.com/app/543240/
House Flipper Pets VR,90,$8.19,$0.81,47,34,mixed,https://store.steampowered.com/app/1839190/
Band Space,90,$8.19,$0.81,78,46,positive,https://store.steampowered.com/app/2182070/
Flipping Death,90,$8.19,$0.81,89,224,positive,https://store.steampowered.com/app/626660/
The Repair House: Restoration Sim,90,$8.19,$0.81,52,94,mixed,https://store.steampowered.com/app/1759870/
Rise Eterna 2,90,$8.19,$0.81,65,23,mixed,https://store.steampowered.com/app/2821930/
Alpine - The Simulation Game,90,$8.19,$0.81,44,34,mixed,https://store.steampowered.com/app/1733610/
Rise Eterna,90,$8.19,$0.81,40,186,mixed,https://store.steampowered.com/app/995070/
Soul Axiom,90,$8.19,$0.81,76,135,positive,https://store.steampowered.com/app/279900/
USC: Counterforce,90,$8.19,$0.81,62,205,mixed,https://store.steampowered.com/app/1574870/
Roko-Loko into Ratozinger's Castle,90,$8.19,$0.81,90,11,positive,https://store.steampowered.com/app/1231130/
Soul Axiom Rebooted,90,$8.19,$0.81,78,65,positive,https://store.steampowered.com/app/1206620/
Imp of the Sun,90,$8.19,$0.81,66,165,mixed,https://store.steampowered.com/app/1535780/
The Serpent Rogue,90,$8.19,$0.81,65,143,mixed,https://store.steampowered.com/app/1453790/
Buildings Have Feelings Too!,90,$8.19,$0.81,52,51,mixed,https://store.steampowered.com/app/945740/
Blade Prince Academy,90,$8.19,$0.81,65,58,mixed,https://store.steampowered.com/app/2333510/
Epic City Builder 4,90,$8.19,$0.81,72,25,positive,https://store.steampowered.com/app/1503580/
Zombie Riot,90,$8.19,$0.81,76,88,positive,https://store.steampowered.com/app/639460/
Ex Natura: Nature Corrupted,90,$8.19,$0.81,69,155,mixed,https://store.steampowered.com/app/1557180/
Profundum,90,$8.19,$0.81,52,17,mixed,https://store.steampowered.com/app/979740/
"Penn & Teller VR: Frankly Unfair, Unkind, Unnecessary, & Underhanded",90,$8.19,$0.81,61,13,mixed,https://store.steampowered.com/app/677610/
Monsters Domain,90,$8.19,$0.81,34,272,negative,https://store.steampowered.com/app/1442450/
Fishing Star World Tour,90,$8.19,$0.81,,,,https://store.steampowered.com/app/4350360/
Project Manager (Initiation),90,$8.19,$0.81,,,,https://store.steampowered.com/app/3845820/
House Flipper,90,$8.49,$0.84,94,45644,positive,https://store.steampowered.com/app/613100/
Green Hell,90,$8.49,$0.84,85,27270,positive,https://store.steampowered.com/app/815370/
Children of Morta,90,$8.49,$0.84,88,7546,positive,https://store.steampowered.com/app/330020/
Moving Out,90,$8.49,$0.84,82,1673,positive,https://store.steampowered.com/app/996770/
Parkasaurus,90,$8.49,$0.84,93,1945,positive,https://store.steampowered.com/app/591460/
Severed Steel,90,$8.49,$0.84,95,4734,positive,https://store.steampowered.com/app/1227690/
Your Diary +,90,$8.49,$0.84,85,320,positive,https://store.steampowered.com/app/761700/
Valfaris,90,$8.49,$0.84,86,1786,positive,https://store.steampowered.com/app/600130/
ArcSine,90,$8.49,$0.84,100,21,positive,https://store.steampowered.com/app/1869600/
ENCODYA,90,$8.49,$0.84,72,327,positive,https://store.steampowered.com/app/1137450/
VR Ping Pong Pro,90,$8.49,$0.84,47,46,mixed,https://store.steampowered.com/app/1029730/
Peace Duke,90,$8.49,$0.84,61,21,mixed,https://store.steampowered.com/app/823100/
Man in gravity,90,$8.49,$0.84,91,12,positive,https://store.steampowered.com/app/1386810/
WannaMine,90,$8.49,$0.84,93,15,positive,https://store.steampowered.com/app/801500/
Cube Color,90,$8.49,$0.84,80,20,positive,https://store.steampowered.com/app/748430/
Worker Riot,90,$8.49,$0.84,81,11,positive,https://store.steampowered.com/app/2013770/
Gravity Jump,90,$8.49,$0.84,78,23,positive,https://store.steampowered.com/app/867800/
Bright Bob,90,$8.49,$0.84,72,11,positive,https://store.steampowered.com/app/789550/
Sloppy Goat,90,$8.49,$0.84,76,25,positive,https://store.steampowered.com/app/823360/
T. B. P.,90,$8.49,$0.84,,,,https://store.steampowered.com/app/1533300/
Red points,90,$8.49,$0.84,,,,https://store.steampowered.com/app/975200/
Mushroom rain,90,$8.49,$0.84,,,,https://store.steampowered.com/app/930480/
Super Robolom,90,$8.49,$0.84,,,,https://store.steampowered.com/app/783330/
Taurus War,90,$8.49,$0.84,,,,https://store.steampowered.com/app/2755100/
Knights of the Apocalypse,90,$8.49,$0.84,,,,https://store.steampowered.com/app/3264250/
Aggelos,90,$8.55,$0.85,76,561,positive,https://store.steampowered.com/app/717310/
Nippon Marathon,90,$8.55,$0.85,89,274,positive,https://store.steampowered.com/app/746940/
Hell Warders,90,$8.55,$0.85,54,112,mixed,https://store.steampowered.com/app/628710/
The Plane Effect,90,$8.55,$0.85,61,63,mixed,https://store.steampowered.com/app/1448760/
Fallen Knight,90,$8.55,$0.85,56,23,mixed,https://store.steampowered.com/app/1378370/
Griddlers Victorian Picnic,90,$8.55,$0.85,33,18,negative,https://store.steampowered.com/app/1148540/
Bears In Space,90,$8.99,$0.89,87,478,positive,https://store.steampowered.com/app/1309620/
Agatha Christie - The ABC Murders,90,$8.99,$0.89,77,924,positive,https://store.steampowered.com/app/374900/
The Last Oricru - Final Cut,90,$8.99,$0.89,67,557,mixed,https://store.steampowered.com/app/1663640/
City of Chains,90,$8.99,$0.89,75,160,positive,https://store.steampowered.com/app/412170/
Bridge! 3,90,$9.00,$0.90,27,11,negative,https://store.steampowered.com/app/1028280/
Distrust: Polar Survival,90,$9.19,$0.91,73,1764,positive,https://store.steampowered.com/app/635200/
Alice in Dinerland,90,$9.49,$0.94,,,,https://store.steampowered.com/app/2476860/
Songbird Symphony,90,$9.55,$0.95,90,557,positive,https://store.steampowered.com/app/909820/
Containment Initiative,90,$9.99,$0.99,89,497,positive,https://store.steampowered.com/app/527700/
Flockers™,90,$9.99,$0.99,76,158,positive,https://store.steampowered.com/app/260330/
The Indie Mixtape,90,$9.99,$0.99,74,43,positive,https://store.steampowered.com/app/352640/
VR Ping Pong,90,$9.99,$0.99,72,99,positive,https://store.steampowered.com/app/492710/
Backroom: Constructions,90,$9.99,$0.99,,,,https://store.steampowered.com/app/2417180/
King of Seas,90,$10.29,$1.02,57,604,mixed,https://store.steampowered.com/app/1209410/
TOEM: A Photo Adventure,90,$10.49,$1.04,99,3307,positive,https://store.steampowered.com/app/1307580/
Shadow Warrior 2,90,$10.49,$1.04,87,8739,positive,https://store.steampowered.com/app/324800/
GRIP: Combat Racing,90,$10.49,$1.04,87,2287,positive,https://store.steampowered.com/app/396900/
Shadow Warrior,90,$10.49,$1.04,93,8103,positive,https://store.steampowered.com/app/233130/
Mythical Concept STARNAUT,90,$10.49,$1.04,92,67,positive,https://store.steampowered.com/app/2508940/
Genesis Alpha One Deluxe Edition,90,$10.49,$1.04,73,1567,positive,https://store.steampowered.com/app/712190/
Root Letter Last Answer,90,$10.49,$1.04,81,149,positive,https://store.steampowered.com/app/1056510/
Tennis World Tour,90,$10.49,$1.04,49,325,mixed,https://store.steampowered.com/app/692030/
Torn,90,$10.49,$1.04,61,188,mixed,https://store.steampowered.com/app/557520/
GameSyndicates,90,$10.49,$1.04,,,,https://store.steampowered.com/app/2874310/
Tormented Souls,90,$10.99,$1.09,88,2566,positive,https://store.steampowered.com/app/1367590/
Inertial Drift,90,$10.99,$1.09,84,1323,positive,https://store.steampowered.com/app/1184480/
Kitaria Fables,90,$10.99,$1.09,73,1254,positive,https://store.steampowered.com/app/1356280/
Super Bullet Break,90,$10.99,$1.09,81,435,positive,https://store.steampowered.com/app/1767170/
Arcade Spirits,90,$10.99,$1.09,94,435,positive,https://store.steampowered.com/app/910630/
Arcade Spirits: The New Challengers,90,$10.99,$1.09,89,164,positive,https://store.steampowered.com/app/1484620/
Supermarket Shriek,90,$10.99,$1.09,90,20,positive,https://store.steampowered.com/app/1086460/
PlataGO! Super Platform Game Maker,90,$10.99,$1.09,71,97,positive,https://store.steampowered.com/app/732400/
Going Under,90,$11.49,$1.14,92,2156,positive,https://store.steampowered.com/app/1154810/
Mato Anomalies,90,$11.49,$1.14,71,132,positive,https://store.steampowered.com/app/2024390/
The Interactive Adventures of Dog Mendonça & Pizzaboy®,90,$11.49,$1.14,82,158,positive,https://store.steampowered.com/app/330420/
Gods Will Fall,90,$11.49,$1.14,56,65,mixed,https://store.steampowered.com/app/1243690/
In Sound Mind,90,$11.99,$1.19,95,3128,positive,https://store.steampowered.com/app/1119980/
Punk Wars,90,$11.99,$1.19,55,99,mixed,https://store.steampowered.com/app/1541790/
DEMON GAZE EXTRA Ultimate Dungeon Master Set,90,$11.95,$1.19,,,,https://store.steampowered.com/app/3464240/
Synthetic Lover,90,$12.00,$1.20,85,98,positive,https://store.steampowered.com/app/1151530/
WARBORN,90,$12.49,$1.24,76,51,positive,https://store.steampowered.com/app/918950/
Transport Fever 2,90,$12.99,$1.29,89,10721,positive,https://store.steampowered.com/app/1066780/
Bulletstorm: Full Clip Edition,90,$12.99,$1.29,86,3604,positive,https://store.steampowered.com/app/501590/
Little Friends: Puppy Island,90,$12.99,$1.29,95,237,positive,https://store.steampowered.com/app/2172900/
X Rebirth VR Edition,90,$12.99,$1.29,60,246,mixed,https://store.steampowered.com/app/570420/
Escape: Zombie Maze,90,$12.99,$1.29,,,,https://store.steampowered.com/app/2709750/
Deus Ex: Human Revolution - Director's Cut,90,$13.99,$1.39,91,13537,positive,https://store.steampowered.com/app/238010/
White Day: A Labyrinth Named School,90,$14.49,$1.44,76,504,positive,https://store.steampowered.com/app/466130/
Gal*Gun 2,90,$14.49,$1.44,85,658,positive,https://store.steampowered.com/app/851890/
Gal*Gun: Double Peace,90,$14.49,$1.44,86,1831,positive,https://store.steampowered.com/app/511740/
Kotodama: The 7 Mysteries of Fujisawa,90,$14.49,$1.44,47,21,mixed,https://store.steampowered.com/app/997060/
Watch_Dogs™,90,$14.99,$1.49,75,19933,positive,https://store.steampowered.com/app/243470/
Akimbot,90,$14.99,$1.49,82,765,positive,https://store.steampowered.com/app/1843540/
Joe Danger 2: The Movie,90,$14.99,$1.49,82,108,positive,https://store.steampowered.com/app/242110/
Painkiller Hell & Damnation,90,$14.99,$1.49,71,988,positive,https://store.steampowered.com/app/214870/
Joe Danger,90,$14.99,$1.49,80,180,positive,https://store.steampowered.com/app/229890/
Lair Land Story,90,$14.99,$1.49,84,227,positive,https://store.steampowered.com/app/1268140/
Red Faction®: Armageddon™,90,$14.99,$1.49,66,1306,mixed,https://store.steampowered.com/app/55110/
Sheltered,90,$14.99,$1.49,77,2437,positive,https://store.steampowered.com/app/356040/
Floodland,90,$14.99,$1.49,54,922,mixed,https://store.steampowered.com/app/1336180/
Agatha Christie - Hercule Poirot: The First Cases,90,$14.99,$1.49,76,1170,positive,https://store.steampowered.com/app/1573720/
Aven Colony,90,$14.99,$1.49,73,1226,positive,https://store.steampowered.com/app/484900/
Batora: Lost Haven,90,$14.99,$1.49,73,211,positive,https://store.steampowered.com/app/1506440/
Mighty No. 9,90,$14.99,$1.49,57,1955,mixed,https://store.steampowered.com/app/314710/
Joe Dever's Lone Wolf HD Remastered,90,$14.99,$1.49,75,597,positive,https://store.steampowered.com/app/279440/
Outcast - Second Contact,90,$14.99,$1.49,82,738,positive,https://store.steampowered.com/app/618970/
Rise of the Triad,90,$14.99,$1.49,66,1905,mixed,https://store.steampowered.com/app/217140/
Relicta,90,$14.99,$1.49,76,234,positive,https://store.steampowered.com/app/941570/
Dolmen,90,$14.99,$1.49,55,276,mixed,https://store.steampowered.com/app/831050/
FLASHOUT 3,90,$14.99,$1.49,61,55,mixed,https://store.steampowered.com/app/1761870/
Metal Mutation,90,$14.99,$1.49,67,59,mixed,https://store.steampowered.com/app/1840790/
Albedo: Eyes from Outer Space,90,$14.99,$1.49,48,75,mixed,https://store.steampowered.com/app/277520/
Lair Land Story: Deluxe Edition,90,$14.99,$1.49,,,,https://store.steampowered.com/app/1487490/
Beyond the Long Night,90,$15.70,$1.56,67,115,mixed,https://store.steampowered.com/app/1730080/
Nickelodeon All-Star Brawl 2,90,$15.99,$1.59,81,1014,positive,https://store.steampowered.com/app/2017080/
What do you hear?? Yanny vs Laurel,90,$15.99,$1.59,81,48,positive,https://store.steampowered.com/app/868550/
The Escapists: The Walking Dead,90,$17.99,$1.79,63,741,mixed,https://store.steampowered.com/app/388060/
Our World Is Ended.,90,$18.49,$1.84,72,48,positive,https://store.steampowered.com/app/940650/
Siege Survival: Gloria Victis,90,$18.99,$1.89,79,1368,positive,https://store.steampowered.com/app/1167140/
Welcome to ParadiZe,90,$19.99,$1.99,66,1066,mixed,https://store.steampowered.com/app/1519090/
Spike Volleyball,90,$19.99,$1.99,54,614,mixed,https://store.steampowered.com/app/738550/
Bean Stalker,90,$19.99,$1.99,86,191,positive,https://store.steampowered.com/app/1704080/
Global ATC Simulator,90,$20.00,$2.00,62,133,mixed,https://store.steampowered.com/app/270830/
Deus Ex: Mankind Divided,90,$20.99,$2.09,75,16479,positive,https://store.steampowered.com/app/337000/
Tom Clancy’s The Division® 2,90,$21.99,$2.19,79,17666,positive,https://store.steampowered.com/app/2221490/
FOR HONOR™,90,$21.99,$2.19,68,59313,mixed,https://store.steampowered.com/app/304390/
Tom Clancy’s The Division™,90,$21.99,$2.19,73,27549,positive,https://store.steampowered.com/app/365590/
Watch_Dogs - Conspiracy,90,$21.99,$2.19,20,10,negative,https://store.steampowered.com/app/293057/
Gal*Gun Returns,90,$22.99,$2.29,84,243,positive,https://store.steampowered.com/app/1425730/
Gungrave G.O.R.E,90,$22.99,$2.29,71,746,positive,https://store.steampowered.com/app/1630110/
Dakar 18,90,$22.99,$2.29,69,828,mixed,https://store.steampowered.com/app/767390/
Punch Line,90,$22.99,$2.29,63,57,mixed,https://store.steampowered.com/app/766680/
Rising Storm 2: Vietnam,90,$24.99,$2.49,89,26836,positive,https://store.steampowered.com/app/418460/
The Escapists,90,$24.99,$2.49,89,9357,positive,https://store.steampowered.com/app/298630/
Narita Boy,90,$24.99,$2.49,79,1162,positive,https://store.steampowered.com/app/1069530/
Rogue Lords,90,$24.99,$2.49,71,1443,positive,https://store.steampowered.com/app/1069690/
Hammerting,90,$24.99,$2.49,57,1732,mixed,https://store.steampowered.com/app/760650/
ONE PUNCH MAN: A HERO NOBODY KNOWS,90,$25.99,$2.59,53,1692,mixed,https://store.steampowered.com/app/991560/
ONE PIECE World Seeker,90,$28.99,$2.89,78,2167,positive,https://store.steampowered.com/app/755500/
Riders Republic,90,$29.99,$2.99,82,7669,positive,https://store.steampowered.com/app/2290180/
Immortals Fenyx Rising,90,$29.99,$2.99,72,2082,positive,https://store.steampowered.com/app/2221920/
WRC 9 FIA World Rally Championship,90,$29.99,$2.99,79,541,positive,https://store.steampowered.com/app/1267540/
Ad Infinitum,90,$29.99,$2.99,77,1036,positive,https://store.steampowered.com/app/1234430/
V-Rally 4,90,$29.99,$2.99,72,717,positive,https://store.steampowered.com/app/658700/
Overpass 2,90,$29.99,$2.99,56,53,mixed,https://store.steampowered.com/app/1830630/
SBK™22,90,$29.99,$2.99,62,259,mixed,https://store.steampowered.com/app/1785910/
Gangs of Sherwood,90,$29.99,$2.99,38,189,negative,https://store.steampowered.com/app/1351000/
King's Bounty II,90,$30.00,$3.00,56,1089,mixed,https://store.steampowered.com/app/1135300/
東方ファンタジー ～toho fantasy～,90,$30.99,$3.09,,,,https://store.steampowered.com/app/3483220/
MXGP 24: The Official Game,90,$34.99,$3.49,27,97,negative,https://store.steampowered.com/app/2603040/
Gord,90,$37.99,$3.79,53,809,mixed,https://store.steampowered.com/app/1351210/
Gord - The Alliance,90,$37.99,$3.79,52,17,mixed,https://store.steampowered.com/app/2102280/
Divinity: Original Sin - Enhanced Edition,90,$39.99,$3.99,86,11851,positive,https://store.steampowered.com/app/373420/
Battlefield™ 1,90,$39.99,$3.99,86,46575,positive,https://store.steampowered.com/app/1238840/
Golf With Your Friends,90,$39.99,$3.99,88,37384,positive,https://store.steampowered.com/app/431240/
Battlefield 4™,90,$39.99,$3.99,83,29556,positive,https://store.steampowered.com/app/1238860/
Battlefield 3™,90,$39.99,$3.99,70,5459,positive,https://store.steampowered.com/app/1238820/
STAR WARS™: Squadrons,90,$39.99,$3.99,68,19104,mixed,https://store.steampowered.com/app/1222730/
DRAGON BALL XENOVERSE,90,$39.99,$3.99,85,6944,positive,https://store.steampowered.com/app/323470/
Battlefield™ Hardline,90,$39.99,$3.99,68,1492,mixed,https://store.steampowered.com/app/1238880/
MXGP 2021 - The Official Motocross Videogame,90,$39.99,$3.99,85,1166,positive,https://store.steampowered.com/app/1610470/
TRANSFORMERS: EARTHSPARK - Expedition,90,$39.99,$3.99,70,54,positive,https://store.steampowered.com/app/1955800/
Tennis World Tour 2,90,$39.99,$3.99,49,202,mixed,https://store.steampowered.com/app/1223910/
LEFT ALIVE™,90,$39.99,$3.99,31,622,negative,https://store.steampowered.com/app/714370/
Far Cry® 6,90,$43.99,$4.39,66,12985,mixed,https://store.steampowered.com/app/2369390/
Borderlands 3,90,$44.99,$4.49,81,60236,positive,https://store.steampowered.com/app/397540/
Battlefield™ V,90,$49.99,$4.99,71,35529,positive,https://store.steampowered.com/app/1238810/
WRC 10 FIA World Rally Championship,90,$49.99,$4.99,75,863,positive,https://store.steampowered.com/app/1462810/
DEMON GAZE EXTRA,90,$49.99,$4.99,69,142,mixed,https://store.steampowered.com/app/1732340/
Painkiller Hell & Damnation: Demonic Vacation at the Blood Sea,90,$52.49,$5.24,79,44,positive,https://store.steampowered.com/app/229290/
Painkiller Hell & Damnation: The Clock Strikes Meat Night,90,$52.49,$5.24,68,41,mixed,https://store.steampowered.com/app/229210/
"Painkiller Hell & Damnation: Operation ""Zombie Bunker""",90,$52.49,$5.24,62,45,mixed,https://store.steampowered.com/app/229230/
Painkiller Hell & Damnation: City Critters,90,$52.49,$5.24,53,39,mixed,https://store.steampowered.com/app/229310/
Painkiller Hell & Damnation: Heaven's Above,90,$52.49,$5.24,48,54,mixed,https://store.steampowered.com/app/229270/
Painkiller: Resurrection,90,$52.49,$5.24,24,526,negative,https://store.steampowered.com/app/39560/
The Quarry,90,$52.99,$5.29,83,8179,positive,https://store.steampowered.com/app/1577120/
The Quarry - Full Game,90,$52.99,$5.29,90,83,positive,https://store.steampowered.com/app/1891950/
Battlefield™ 2042,90,$59.99,$5.99,46,106607,mixed,https://store.steampowered.com/app/1517290/
Steelrising,90,$59.99,$5.99,73,1799,positive,https://store.steampowered.com/app/1283400/
Need for Speed™ Heat,90,$69.99,$6.99,85,52606,positive,https://store.steampowered.com/app/1222680/
Garlic Builder,89,$4.49,$0.49,93,304,positive,https://store.steampowered.com/app/2512920/
Save Jesus,89,$4.50,$0.49,90,1483,positive,https://store.steampowered.com/app/509220/
Shadow Uprising,89,$4.49,$0.49,81,44,positive,https://store.steampowered.com/app/987000/
RUN! GRANDPA! RUN!,89,$4.50,$0.49,83,56,positive,https://store.steampowered.com/app/1330570/
Lithium City,89,$4.49,$0.49,92,286,positive,https://store.steampowered.com/app/1210610/
Killer Klownz,89,$4.50,$0.49,88,42,positive,https://store.steampowered.com/app/564980/
The Slopes,89,$4.50,$0.49,83,48,positive,https://store.steampowered.com/app/620790/
XPock,89,$4.50,$0.49,91,12,positive,https://store.steampowered.com/app/1475180/
CURSED NIGHT - The House,89,$4.49,$0.49,86,37,positive,https://store.steampowered.com/app/1740570/
Playing History 2 - Slave Trade,89,$4.50,$0.49,65,185,mixed,https://store.steampowered.com/app/386870/
Extreme Racing on Highway,89,$4.50,$0.49,71,123,positive,https://store.steampowered.com/app/1034160/
Sketch! Run!,89,$4.50,$0.49,73,30,positive,https://store.steampowered.com/app/602920/
RX squad,89,$4.50,$0.49,72,44,positive,https://store.steampowered.com/app/494120/
President for a Day - Floodings,89,$4.50,$0.49,72,81,positive,https://store.steampowered.com/app/368770/
Masked Forces: Zombie Survival,89,$4.50,$0.49,70,359,positive,https://store.steampowered.com/app/654850/
Zombie Ballz,89,$4.50,$0.49,74,106,positive,https://store.steampowered.com/app/581970/
AVA: Dark History,89,$4.50,$0.49,78,42,positive,https://store.steampowered.com/app/1162320/
ReSizE,89,$4.50,$0.49,57,75,mixed,https://store.steampowered.com/app/634150/
Masked Forces,89,$4.50,$0.49,67,433,mixed,https://store.steampowered.com/app/555750/
Mind Games,89,$4.50,$0.49,64,154,mixed,https://store.steampowered.com/app/448560/
BREACH IT,89,$4.50,$0.49,52,182,mixed,https://store.steampowered.com/app/591790/
Insane Cold: Back to the Ice Age,89,$4.50,$0.49,49,140,mixed,https://store.steampowered.com/app/764010/
Trivia Night,89,$4.50,$0.49,62,64,mixed,https://store.steampowered.com/app/628570/
Motherland,89,$4.50,$0.49,62,101,mixed,https://store.steampowered.com/app/1791030/
Astral Traveler,89,$4.50,$0.49,57,33,mixed,https://store.steampowered.com/app/618630/
The Lost Battalion: All Out Warfare,89,$4.50,$0.49,50,77,mixed,https://store.steampowered.com/app/364890/
Soldiers Lost Forever (1914-1918),89,$4.50,$0.49,61,34,mixed,https://store.steampowered.com/app/508630/
King's Guard TD,89,$4.50,$0.49,52,102,mixed,https://store.steampowered.com/app/466730/
President for a Day - Corruption,89,$4.50,$0.49,65,73,mixed,https://store.steampowered.com/app/368780/
Broccoli Bob,89,$4.50,$0.49,67,79,mixed,https://store.steampowered.com/app/604140/
Silent Gentlemen,89,$4.50,$0.49,63,22,mixed,https://store.steampowered.com/app/636360/
The Sun Never Sets,89,$4.50,$0.49,54,33,mixed,https://store.steampowered.com/app/636370/
Zombie Wars: Invasion,89,$4.50,$0.49,61,128,mixed,https://store.steampowered.com/app/429060/
Mad Combat Marines,89,$4.50,$0.49,68,327,mixed,https://store.steampowered.com/app/485370/
The Warrior Of Treasures,89,$4.50,$0.49,65,23,mixed,https://store.steampowered.com/app/768060/
Space Force,89,$4.50,$0.49,56,23,mixed,https://store.steampowered.com/app/864010/
Horror Fish Simulator,89,$4.50,$0.49,61,34,mixed,https://store.steampowered.com/app/835510/
Dinosaur Bone Digging,89,$4.50,$0.49,47,38,mixed,https://store.steampowered.com/app/1058980/
GRING×GRIND,89,$4.50,$0.49,66,24,mixed,https://store.steampowered.com/app/3233650/
Combat Force,89,$4.50,$0.49,46,83,mixed,https://store.steampowered.com/app/1172430/
Thirsty Bubble,89,$4.50,$0.49,60,10,mixed,https://store.steampowered.com/app/777270/
Suna,89,$4.50,$0.49,65,23,mixed,https://store.steampowered.com/app/803920/
Think Space,89,$4.50,$0.49,80,21,positive,https://store.steampowered.com/app/506780/
Angry Bunny 3: Virus,89,$4.50,$0.49,95,20,positive,https://store.steampowered.com/app/1289330/
Lab Cat Escape,89,$4.50,$0.49,93,16,positive,https://store.steampowered.com/app/2495270/
Chris - The Element Runner,89,$4.50,$0.49,100,25,positive,https://store.steampowered.com/app/2398300/
Assault of the Robots,89,$4.50,$0.49,74,35,positive,https://store.steampowered.com/app/1052900/
Mountain Taxi Driver,89,$4.50,$0.49,73,153,positive,https://store.steampowered.com/app/1092980/
Run Ralph Run,89,$4.50,$0.49,73,26,positive,https://store.steampowered.com/app/1505420/
Jean and Josie,89,$4.50,$0.49,70,17,positive,https://store.steampowered.com/app/1859630/
Angry Bunny 2: Lost hole,89,$4.50,$0.49,75,29,positive,https://store.steampowered.com/app/1235460/
Diastone: Memories,89,$4.50,$0.49,68,41,mixed,https://store.steampowered.com/app/803130/
Mine the Gold,89,$4.50,$0.49,45,59,mixed,https://store.steampowered.com/app/1054930/
Muscle Car Robot,89,$4.50,$0.49,46,13,mixed,https://store.steampowered.com/app/1058500/
Diastone: Confusion,89,$4.50,$0.49,47,17,mixed,https://store.steampowered.com/app/1106670/
Snow Clearing Driving Simulator,89,$4.50,$0.49,60,23,mixed,https://store.steampowered.com/app/1155920/
Extreme Offroad Monster Simulator,89,$4.50,$0.49,51,27,mixed,https://store.steampowered.com/app/1164440/
Angry Bunny,89,$4.50,$0.49,61,34,mixed,https://store.steampowered.com/app/1168650/
Who is the hero of this Game,89,$4.50,$0.49,61,26,mixed,https://store.steampowered.com/app/1917310/
Extreme Truck Simulator,89,$4.50,$0.49,53,39,mixed,https://store.steampowered.com/app/1020600/
Down To One,89,$4.50,$0.49,35,1606,negative,https://store.steampowered.com/app/334040/
Robotex,89,$4.50,$0.49,30,745,negative,https://store.steampowered.com/app/330350/
Restaurant Tycoon,89,$4.50,$0.49,11,17,negative,https://store.steampowered.com/app/753670/
Labyrinth Escape,89,$4.50,$0.49,8,12,negative,https://store.steampowered.com/app/654950/
Human Madness,89,$4.49,$0.49,,,,https://store.steampowered.com/app/1749170/
Naklua VR,89,$4.50,$0.49,,,,https://store.steampowered.com/app/650980/
Bocce Beach,89,$4.50,$0.49,,,,https://store.steampowered.com/app/569940/
Goblin Harvest - The Mighty Quest,89,$4.50,$0.49,,,,https://store.steampowered.com/app/604060/
VADE RETRO SATANA,89,$4.49,$0.49,,,,https://store.steampowered.com/app/3961220/
Sizeable,89,$4.69,$0.51,96,884,positive,https://store.steampowered.com/app/1333910/
Gorilla Showdown,89,$4.69,$0.51,100,10,positive,https://store.steampowered.com/app/3217900/
Journey to Alien Worlds,89,$4.69,$0.51,95,44,positive,https://store.steampowered.com/app/628960/
Raiders of Valhalla,89,$6.49,$0.71,68,70,mixed,https://store.steampowered.com/app/2298620/
Battlezone Gold Edition,89,$11.99,$1.31,79,400,positive,https://store.steampowered.com/app/312650/
Fluffy Kitchen Saga,88,$3.99,$0.47,65,221,mixed,https://store.steampowered.com/app/3706590/
Muddledash,88,$3.99,$0.47,90,62,positive,https://store.steampowered.com/app/769840/
SFERA,88,$3.99,$0.47,83,12,positive,https://store.steampowered.com/app/608380/
Laser Tanks,88,$3.99,$0.47,84,13,positive,https://store.steampowered.com/app/2309830/
Assassin Of Spider 2: 2099,88,$3.99,$0.47,80,10,positive,https://store.steampowered.com/app/4785480/
Copter and Sky,88,$3.99,$0.47,62,56,mixed,https://store.steampowered.com/app/499610/
Kill Source: Neon Hemorrhage,88,$3.99,$0.47,,,,https://store.steampowered.com/app/4590020/
Dashy Square VR,88,$3.99,$0.47,,,,https://store.steampowered.com/app/495540/
Dark Nebula VR,88,$3.99,$0.47,,,,https://store.steampowered.com/app/929610/
Fallen Knight: Rebellion & Rise Of The Fallen,88,$4.29,$0.51,,,,https://store.steampowered.com/app/1934060/
Knock'Em Out,88,$4.49,$0.53,85,240,positive,https://store.steampowered.com/app/2192900/
Dream Cage,88,$4.49,$0.53,63,298,mixed,https://store.steampowered.com/app/3122170/
Snap Game,88,$4.69,$0.56,80,62,positive,https://store.steampowered.com/app/4280100/
Biped,88,$4.99,$0.59,89,1760,positive,https://store.steampowered.com/app/1071870/
Wild Alone,88,$5.89,$0.70,47,38,mixed,https://store.steampowered.com/app/2494500/
Gravity Heroes,88,$6.29,$0.75,92,14,positive,https://store.steampowered.com/app/1020310/
Urtuk: The Desolation,88,$6.79,$0.81,87,1150,positive,https://store.steampowered.com/app/1181830/
Alternate Jake Hunter: DAEDALUS The Awakening of Golden Jazz,88,$12.99,$1.55,35,45,negative,https://store.steampowered.com/app/836600/
MY HERO ONE'S JUSTICE 2,88,$39.99,$4.79,87,1655,positive,https://store.steampowered.com/app/1058450/
Time Loader,87,$3.49,$0.45,83,387,positive,https://store.steampowered.com/app/1301950/
HordeCore,87,$3.49,$0.45,63,118,mixed,https://store.steampowered.com/app/980210/
Devil Slot Machine,87,$3.49,$0.45,70,20,positive,https://store.steampowered.com/app/2674970/
PaCc and Bomber: Maze Blast,87,$3.49,$0.45,,,,https://store.steampowered.com/app/2945970/
Weapons Genius VR,87,$3.49,$0.45,,,,https://store.steampowered.com/app/1273380/
Canterz Paranormies,87,$3.60,$0.46,,,,https://store.steampowered.com/app/1998470/
Abandoned Croxon Mansion,87,$3.60,$0.46,,,,https://store.steampowered.com/app/1661380/
My Haunted Doll,87,$3.60,$0.46,,,,https://store.steampowered.com/app/1181470/
Ryo The Haunted Office,87,$3.60,$0.46,,,,https://store.steampowered.com/app/2265240/
Arata Haunted Asylum,87,$3.60,$0.46,,,,https://store.steampowered.com/app/2144470/
Canterz Paranormies 2,87,$3.60,$0.46,,,,https://store.steampowered.com/app/2206930/
FALL GIRLS,87,$3.99,$0.51,49,187,mixed,https://store.steampowered.com/app/1882580/
Heltons Haunted Hotel,87,$3.99,$0.51,,,,https://store.steampowered.com/app/1605310/
House Number 666,87,$3.99,$0.51,,,,https://store.steampowered.com/app/1162690/
Haunted Jail: Alcatas,87,$3.99,$0.51,,,,https://store.steampowered.com/app/1056650/
Gregor Hills Haunted Hospital,87,$3.99,$0.51,,,,https://store.steampowered.com/app/1084770/
Mello Haunted House,87,$3.99,$0.51,,,,https://store.steampowered.com/app/2018810/
Koverpark Haunted Subway,87,$3.99,$0.51,,,,https://store.steampowered.com/app/3023700/
Ghost In The Barn House,87,$3.99,$0.51,,,,https://store.steampowered.com/app/1219220/
Deus Ex: Game of the Year Edition,87,$4.99,$0.64,95,10499,positive,https://store.steampowered.com/app/6910/
CRIMSON METAL Classic 1999,87,$4.99,$0.64,49,283,mixed,https://store.steampowered.com/app/606960/
Dark Places,87,$4.99,$0.64,51,66,mixed,https://store.steampowered.com/app/926810/
Bad Pad,87,$6.19,$0.80,80,36,positive,https://store.steampowered.com/app/517210/
Rise of the Triad: Dark War,87,$6.99,$0.90,85,114,positive,https://store.steampowered.com/app/358410/
Bloodshore,87,$6.99,$0.90,68,827,mixed,https://store.steampowered.com/app/1490840/
The Grindstone,87,$8.19,$1.06,86,30,positive,https://store.steampowered.com/app/2284240/
Seventh Star,87,$8.49,$1.10,100,25,positive,https://store.steampowered.com/app/2240660/
Demon Scrolls,87,$14.99,$1.94,100,16,positive,https://store.steampowered.com/app/2407800/
BLACK CLOVER: QUARTET KNIGHTS,87,$39.99,$5.19,75,832,positive,https://store.steampowered.com/app/714080/
A Game Called Paako - The Game Called Paako,86,$3.26,$0.45,,,,https://store.steampowered.com/app/2854330/
White Day VR: The Courage Test,86,$3.29,$0.46,69,79,mixed,https://store.steampowered.com/app/1442650/
ThrounnelVR,86,$3.29,$0.46,82,23,positive,https://store.steampowered.com/app/509310/
Candy Smash VR,86,$3.29,$0.46,76,78,positive,https://store.steampowered.com/app/503900/
The Purge Day,86,$3.29,$0.46,69,43,mixed,https://store.steampowered.com/app/553450/
Arena: Blood on the Sand VR,86,$3.29,$0.46,64,67,mixed,https://store.steampowered.com/app/577890/
69 Ways to Kill a Zombie,86,$3.29,$0.46,64,70,mixed,https://store.steampowered.com/app/512410/
Gal*Gun: Double Peace - 'Hidden Desire' Costume Set,86,$3.29,$0.46,,,,https://store.steampowered.com/app/539950/
Gal*Gun: Double Peace - 'Chinese Dress' Costume Set,86,$3.29,$0.46,,,,https://store.steampowered.com/app/539840/
Gal*Gun: Double Peace - 'Sexy Ribbons' Costume Set,86,$3.29,$0.46,,,,https://store.steampowered.com/app/539800/
Gal*Gun: Double Peace - 'Maid Uniform' Costume Set,86,$3.29,$0.46,,,,https://store.steampowered.com/app/539850/
Gal*Gun: Double Peace - 'Revitalizing Cleric' Costume Set,86,$3.29,$0.46,,,,https://store.steampowered.com/app/539880/
Gal*Gun: Double Peace - 'Shrine Maiden' Costume Set,86,$3.29,$0.46,,,,https://store.steampowered.com/app/539910/
Gal*Gun: Double Peace - 'You're A Squid Now' Costume Set,86,$3.29,$0.46,,,,https://store.steampowered.com/app/539930/
Gal*Gun: Double Peace - 'Cunning Kunoichi' Costume Set,86,$3.29,$0.46,,,,https://store.steampowered.com/app/539780/
Gal*Gun: Double Peace - 'Prisoner of Love' Costume Set,86,$3.29,$0.46,,,,https://store.steampowered.com/app/539960/
Gal*Gun: Double Peace - 'Queen of Pain' Costume Set,86,$3.29,$0.46,,,,https://store.steampowered.com/app/539900/
Gal*Gun: Double Peace - 'Summer Vacation' Costume Set,86,$3.29,$0.46,,,,https://store.steampowered.com/app/539940/
Gal*Gun: Double Peace - 'Captivating Dancer' Costume Set,86,$3.29,$0.46,,,,https://store.steampowered.com/app/539890/
Gal*Gun: Double Peace - 'Blast From the Past' Costume Set,86,$3.29,$0.46,,,,https://store.steampowered.com/app/539920/
Gal*Gun: Double Peace - 'Sakurazaki Squad 777' Costume Set,86,$3.29,$0.46,,,,https://store.steampowered.com/app/539810/
Gal*Gun: Double Peace - 'Festival Time' Costume Set,86,$3.29,$0.46,,,,https://store.steampowered.com/app/539820/
Gal*Gun: Double Peace - 'Wedding Dress' Costume Set,86,$3.29,$0.46,,,,https://store.steampowered.com/app/539790/
Gal*Gun: Double Peace - 'Bewitching Sorceress' Costume Set,86,$3.29,$0.46,,,,https://store.steampowered.com/app/539870/
Gal*Gun: Double Peace - 'Courageous Hero' Costume Set,86,$3.29,$0.46,,,,https://store.steampowered.com/app/539860/
Gal*Gun: Double Peace - 'Bunny Kigurumi' Costume Set,86,$3.29,$0.46,,,,https://store.steampowered.com/app/539830/
Gal*Gun: Double Peace - 'Ripped Uniform' Costume Set,86,$3.29,$0.46,,,,https://store.steampowered.com/app/537120/
Gal*Gun: Double Peace - 'Bear Kigurumi' Costume Set,86,$3.29,$0.46,,,,https://store.steampowered.com/app/539970/
Pinball Storm: Lokanta,86,$3.49,$0.48,69,439,mixed,https://store.steampowered.com/app/2642570/
Atonement: Scourge of Time,86,$3.49,$0.48,72,175,positive,https://store.steampowered.com/app/385070/
Incitement 3,86,$3.49,$0.48,68,63,mixed,https://store.steampowered.com/app/391660/
Abandoned Cabins in the Woods,86,$3.60,$0.50,,,,https://store.steampowered.com/app/2678950/
My Grandpa's Haunted House,86,$3.60,$0.50,,,,https://store.steampowered.com/app/2870070/
The Haunted Tunnel,86,$3.99,$0.55,,,,https://store.steampowered.com/app/1539970/
Atonement 2: Ruptured by Despair,86,$5.99,$0.83,74,71,positive,https://store.steampowered.com/app/533820/
Spelunker Party!,86,$10.49,$1.46,86,79,positive,https://store.steampowered.com/app/629860/
Super Jigsaw Puzzle: Generations - Malaysia,85,$3.00,$0.45,,,,https://store.steampowered.com/app/2400090/
NecroVision,85,$3.29,$0.49,68,1413,mixed,https://store.steampowered.com/app/7860/
Skillful Pixel Dungeon,85,$3.29,$0.49,,,,https://store.steampowered.com/app/4696680/
CosmoDrive:Infinity,85,$3.29,$0.49,,,,https://store.steampowered.com/app/1375280/
Coffee Mania,85,$3.29,$0.49,,,,https://store.steampowered.com/app/2875450/
Eggo,85,$3.49,$0.52,83,310,positive,https://store.steampowered.com/app/3700760/
Black Moon Chronicles,85,$3.49,$0.52,92,26,positive,https://store.steampowered.com/app/501500/
The Dark Tones: Loss,85,$3.49,$0.52,87,16,positive,https://store.steampowered.com/app/2435600/
Nullwake,85,$3.49,$0.52,78,14,positive,https://store.steampowered.com/app/4073560/
Super Jigsaw Puzzle: Generations - USA Puzzles,85,$3.49,$0.52,,,,https://store.steampowered.com/app/1076092/
Super Jigsaw Puzzle: Generations - Cars Puzzles,85,$3.49,$0.52,,,,https://store.steampowered.com/app/1213491/
Super Jigsaw Puzzle: Generations - Puppies 2,85,$3.49,$0.52,,,,https://store.steampowered.com/app/1817090/
Super Jigsaw Puzzle: Generations - Japan Puzzles,85,$3.49,$0.52,,,,https://store.steampowered.com/app/1246185/
Super Jigsaw Puzzle: Generations - Ice Creams,85,$3.49,$0.52,,,,https://store.steampowered.com/app/2023091/
Super Jigsaw Puzzle: Generations - Chile,85,$3.49,$0.52,,,,https://store.steampowered.com/app/2097000/
Super Jigsaw Puzzle: Generations - Jellyfishes,85,$3.49,$0.52,,,,https://store.steampowered.com/app/2102381/
Super Jigsaw Puzzle: Generations - Clocks,85,$3.49,$0.52,,,,https://store.steampowered.com/app/1781410/
Super Jigsaw Puzzle: Generations - Reptiles,85,$3.49,$0.52,,,,https://store.steampowered.com/app/1502320/
Super Jigsaw Puzzle: Generations - Canada,85,$3.49,$0.52,,,,https://store.steampowered.com/app/1737630/
Super Jigsaw Puzzle: Generations - Winter 2021,85,$3.49,$0.52,,,,https://store.steampowered.com/app/1737632/
Super Jigsaw Puzzle: Generations - Butterflies,85,$3.49,$0.52,,,,https://store.steampowered.com/app/1939081/
Super Jigsaw Puzzle: Generations - Trains 2,85,$3.49,$0.52,,,,https://store.steampowered.com/app/1939090/
Super Jigsaw Puzzle: Generations - Vegetables,85,$3.49,$0.52,,,,https://store.steampowered.com/app/1543350/
Super Jigsaw Puzzle: Generations - Autumn 2021,85,$3.49,$0.52,,,,https://store.steampowered.com/app/1700820/
Super Jigsaw Puzzle: Generations - New Zealand,85,$3.49,$0.52,,,,https://store.steampowered.com/app/1592960/
Super Jigsaw Puzzle: Generations - Mushrooms,85,$3.49,$0.52,,,,https://store.steampowered.com/app/1674911/
Super Jigsaw Puzzle: Generations - Love,85,$3.49,$0.52,,,,https://store.steampowered.com/app/1887300/
Super Jigsaw Puzzle: Generations - Waves,85,$3.49,$0.52,,,,https://store.steampowered.com/app/1840600/
Super Jigsaw Puzzle: Generations - Sweets Puzzles,85,$3.49,$0.52,,,,https://store.steampowered.com/app/1234150/
Super Jigsaw Puzzle: Generations - Sunsets Puzzles,85,$3.49,$0.52,,,,https://store.steampowered.com/app/1076170/
Super Jigsaw  Puzzle: Generations - Fruits Puzzles,85,$3.49,$0.52,,,,https://store.steampowered.com/app/1076760/
Super Jigsaw Puzzle: Generations - China Puzzles,85,$3.49,$0.52,,,,https://store.steampowered.com/app/1213490/
Jetpack Stadium,85,$3.49,$0.52,,,,https://store.steampowered.com/app/1241030/
Super Jigsaw Puzzle: Generations - Bikes Puzzles,85,$3.49,$0.52,,,,https://store.steampowered.com/app/1246191/
Super Jigsaw Puzzle: Generations - India,85,$3.49,$0.52,,,,https://store.steampowered.com/app/2212540/
magical capture,85,$3.49,$0.52,,,,https://store.steampowered.com/app/3812840/
Charles Haunted Mansion,85,$3.60,$0.54,,,,https://store.steampowered.com/app/2569680/
Super Jigsaw Puzzle: Generations - Egypt,85,$3.84,$0.57,,,,https://store.steampowered.com/app/2457071/
Wall World,85,$3.99,$0.59,88,3791,positive,https://store.steampowered.com/app/2187290/
Fantasy Aquarium,85,$3.99,$0.59,79,833,positive,https://store.steampowered.com/app/3183350/
The Curious Tale of the Stolen Pets,85,$3.99,$0.59,92,293,positive,https://store.steampowered.com/app/1099500/
Lighthouse Keeper,85,$3.99,$0.59,81,336,positive,https://store.steampowered.com/app/2023050/
Extreme Formula Championship,85,$3.99,$0.59,44,29,mixed,https://store.steampowered.com/app/833810/
Super Jigsaw Puzzle: Generations - Birds Puzzles,85,$3.99,$0.59,,,,https://store.steampowered.com/app/1076090/
Super Jigsaw Puzzle: Generations - Cats Puzzles,85,$3.99,$0.59,,,,https://store.steampowered.com/app/1082020/
Heroes of Yore,85,$3.99,$0.59,,,,https://store.steampowered.com/app/1679330/
Snowmania,85,$3.99,$0.59,,,,https://store.steampowered.com/app/764830/
Super Jigsaw Puzzle: Generations - Airplanes Puzzles,85,$3.99,$0.59,,,,https://store.steampowered.com/app/1080590/
Super Jigsaw Puzzle: Generations - Landscapes Puzzles,85,$3.99,$0.59,,,,https://store.steampowered.com/app/1205310/
Super Jigsaw Puzzle: Generations - Winter 2022,85,$3.99,$0.59,,,,https://store.steampowered.com/app/2212541/
Crazy Invader ShootEm Down,85,$3.99,$0.59,,,,https://store.steampowered.com/app/1727600/
Super Jigsaw Puzzle: Generations - Norway,85,$3.99,$0.59,,,,https://store.steampowered.com/app/1804660/
Super Jigsaw Puzzle: Generations - Fantasy,85,$3.99,$0.59,,,,https://store.steampowered.com/app/1542230/
Monkey Hit,85,$3.99,$0.59,,,,https://store.steampowered.com/app/1618000/
Super Jigsaw Puzzle: Generations - Big Cats 2,85,$3.99,$0.59,,,,https://store.steampowered.com/app/1939080/
Super Jigsaw Puzzle: Generations - Switzerland,85,$3.99,$0.59,,,,https://store.steampowered.com/app/1674910/
Super Jigsaw Puzzle: Generations - Bugs Puzzles,85,$3.99,$0.59,,,,https://store.steampowered.com/app/1213560/
Super Jigsaw Puzzle: Generations - Dogs Puzzles,85,$3.99,$0.59,,,,https://store.steampowered.com/app/1243681/
Super Jigsaw Puzzle: Generations - Flowers Puzzles,85,$3.99,$0.59,,,,https://store.steampowered.com/app/1243682/
Super Jigsaw Puzzle: Generations - Streets Puzzles,85,$3.99,$0.59,,,,https://store.steampowered.com/app/1246181/
Super Jigsaw Puzzle: Generations - Technology,85,$3.99,$0.59,,,,https://store.steampowered.com/app/1907501/
Wormskull,85,$4.49,$0.67,98,61,positive,https://store.steampowered.com/app/1153200/
Darkness Within 1: In Pursuit of Loath Nolder,85,$4.49,$0.67,73,559,positive,https://store.steampowered.com/app/298930/
Skies Above,85,$4.49,$0.67,93,33,positive,https://store.steampowered.com/app/2604030/
Intensive Exposure,85,$4.50,$0.67,85,141,positive,https://store.steampowered.com/app/518670/
Verdungo,85,$4.49,$0.67,91,45,positive,https://store.steampowered.com/app/1378940/
Soul's Spectrum,85,$4.49,$0.67,94,34,positive,https://store.steampowered.com/app/2256810/
TAIKU MANSION,85,$4.50,$0.67,61,90,mixed,https://store.steampowered.com/app/529760/
Ash of Gods - Digital Art Collection,85,$4.49,$0.67,72,11,positive,https://store.steampowered.com/app/820860/
Kids Learn,85,$4.49,$0.67,50,12,mixed,https://store.steampowered.com/app/890210/
SUPER DISTRO,85,$4.50,$0.67,38,293,negative,https://store.steampowered.com/app/364690/
Robot vs Birds Zombies,85,$4.50,$0.67,37,116,negative,https://store.steampowered.com/app/389460/
Super Jigsaw Puzzle: Generations - Kittens 2,85,$4.49,$0.67,,,,https://store.steampowered.com/app/1700821/
Super Jigsaw Puzzle: Generations - Food,85,$4.49,$0.67,,,,https://store.steampowered.com/app/2102380/
Finding Annie,85,$4.49,$0.67,,,,https://store.steampowered.com/app/3674140/
Super Jigsaw Puzzle: Generations - Colorful,85,$4.49,$0.67,,,,https://store.steampowered.com/app/1592250/
Super Jigsaw Puzzle: Generations - Greece,85,$4.49,$0.67,,,,https://store.steampowered.com/app/1907500/
Super Jigsaw Puzzle: Generations - Imagination,85,$4.49,$0.67,,,,https://store.steampowered.com/app/1840601/
Super Jigsaw Puzzle: Generations - Sports Puzzles,85,$4.49,$0.67,,,,https://store.steampowered.com/app/1244701/
Super Jigsaw Puzzle: Generations - Baby Animals,85,$4.49,$0.67,,,,https://store.steampowered.com/app/1625320/
Super Jigsaw Puzzle: Generations - Winter Puzzles,85,$4.49,$0.67,,,,https://store.steampowered.com/app/1082031/
Super Jigsaw Puzzle: Generations - Sci-Fi,85,$4.49,$0.67,,,,https://store.steampowered.com/app/2234585/
Quiztopia : The Ultimate Trivia,85,$4.49,$0.67,,,,https://store.steampowered.com/app/2912680/
Super Jigsaw Puzzle: Generations - Desert,85,$4.49,$0.67,,,,https://store.steampowered.com/app/2400093/
Mask of Dead 2: Shadow of Pelagius,85,$4.49,$0.67,,,,https://store.steampowered.com/app/3439950/
Another Red Riding Hood Story - 另一个小红帽的故事 - Cô Bé Quàng Khăn Đỏ,85,$4.49,$0.67,,,,https://store.steampowered.com/app/4351160/
NecroVisioN: Lost Company,85,$4.69,$0.70,73,464,positive,https://store.steampowered.com/app/46250/
RIDE 4 - Ultimate 2020,85,$4.99,$0.74,91,23,positive,https://store.steampowered.com/app/1365110/
RIDE 4 - 600cc Passion,85,$4.99,$0.74,100,14,positive,https://store.steampowered.com/app/1365190/
RIDE 4 - Extreme Performance,85,$4.99,$0.74,73,26,positive,https://store.steampowered.com/app/1365230/
RIDE 4 - Sportbikes 101,85,$4.99,$0.74,76,17,positive,https://store.steampowered.com/app/1365090/
RIDE 4 - Credits Multiplier,85,$4.99,$0.74,65,35,mixed,https://store.steampowered.com/app/1365020/
Lethal VR,85,$4.99,$0.74,82,167,positive,https://store.steampowered.com/app/532270/
Iron Fisticle,85,$4.99,$0.74,85,353,positive,https://store.steampowered.com/app/306700/
Nauts,85,$4.99,$0.74,100,10,positive,https://store.steampowered.com/app/2845520/
Super Jigsaw Puzzle: Anime Reloaded,85,$4.99,$0.74,78,19,positive,https://store.steampowered.com/app/1024490/
Explodemon,85,$4.99,$0.74,60,65,mixed,https://store.steampowered.com/app/281820/
LA Cops,85,$4.99,$0.74,52,127,mixed,https://store.steampowered.com/app/278810/
RIDE 4 - Superbikes 2000,85,$4.99,$0.74,,,,https://store.steampowered.com/app/1365150/
RIDE 4 - Italian Style Pack 1,85,$4.99,$0.74,,,,https://store.steampowered.com/app/1365170/
RIDE 4 - Street Kings,85,$4.99,$0.74,,,,https://store.steampowered.com/app/1365310/
RIDE 4 - Naked Japan Style,85,$4.99,$0.74,,,,https://store.steampowered.com/app/1365350/
RIDE 4 - Best Vintage 80's - 90's,85,$4.99,$0.74,,,,https://store.steampowered.com/app/1365210/
MXGP 2021 - Credits Multiplier,85,$4.99,$0.74,,,,https://store.steampowered.com/app/1722430/
Super Jigsaw Puzzle: Generations - Forests,85,$4.99,$0.74,,,,https://store.steampowered.com/app/3543840/
Super Jigsaw Puzzle: Generations - Scenic Villages,85,$4.99,$0.74,,,,https://store.steampowered.com/app/3543790/
Super Jigsaw Puzzle: Generations - Sweden,85,$4.99,$0.74,,,,https://store.steampowered.com/app/3802190/
Super Jigsaw Puzzle: Generations - Random Animals 5,85,$4.99,$0.74,,,,https://store.steampowered.com/app/3543830/
Super Jigsaw Puzzle: Generations - Ruins,85,$4.99,$0.74,,,,https://store.steampowered.com/app/3543780/
Super Jigsaw Puzzle: Generations - Random 7,85,$4.99,$0.74,,,,https://store.steampowered.com/app/3153990/
Super Jigsaw Puzzle: Generations - Random Puzzles 2,85,$4.99,$0.74,,,,https://store.steampowered.com/app/1204090/
Super Jigsaw Puzzle: Generations - Rome,85,$4.99,$0.74,,,,https://store.steampowered.com/app/3543820/
Super Jigsaw Puzzle: Generations - Dogs 2,85,$4.99,$0.74,,,,https://store.steampowered.com/app/2681470/
Super Jigsaw Puzzle: Generations - Red Things,85,$4.99,$0.74,,,,https://store.steampowered.com/app/2986120/
Super Jigsaw Puzzle: Generations - Landscapes 4,85,$4.99,$0.74,,,,https://store.steampowered.com/app/2601480/
Super Jigsaw Puzzle: Generations - Landscapes 5,85,$4.99,$0.74,,,,https://store.steampowered.com/app/3378470/
Super Jigsaw Puzzle: Generations - Trucks,85,$4.99,$0.74,,,,https://store.steampowered.com/app/3802200/
Super Jigsaw Puzzle: Generations - Cars 2,85,$4.99,$0.74,,,,https://store.steampowered.com/app/3543810/
Super Jigsaw Puzzle: Generations - Colorful 3,85,$4.99,$0.74,,,,https://store.steampowered.com/app/2601500/
Super Jigsaw Puzzle: Generations - Colorful 2,85,$4.99,$0.74,,,,https://store.steampowered.com/app/2400091/
Super Jigsaw Puzzle: Generations - Colorful 4,85,$4.99,$0.74,,,,https://store.steampowered.com/app/3153970/
Super Jigsaw  Puzzle: Generations - Random Puzzles,85,$4.99,$0.74,,,,https://store.steampowered.com/app/1076761/
Super Jigsaw Puzzle: Generations - Random 5,85,$4.99,$0.74,,,,https://store.steampowered.com/app/2234580/
Super Jigsaw Puzzle: Generations - Random Puzzles 3,85,$4.99,$0.74,,,,https://store.steampowered.com/app/1543600/
Super Jigsaw Puzzle: Generations - Random 6,85,$4.99,$0.74,,,,https://store.steampowered.com/app/2601470/
Bloodwatch,85,$4.99,$0.74,,,,https://store.steampowered.com/app/2088120/
Super Jigsaw Puzzle: Generations - SJP Anime Reloaded Puzzles,85,$4.99,$0.74,,,,https://store.steampowered.com/app/1056623/
Super Jigsaw Puzzle: Generations - Anime Puzzles 2,85,$4.99,$0.74,,,,https://store.steampowered.com/app/1454860/
Super Jigsaw Puzzle: Generations - Street Art,85,$4.99,$0.74,,,,https://store.steampowered.com/app/1737631/
Super Jigsaw Puzzle: Generations - Cities 2,85,$4.99,$0.74,,,,https://store.steampowered.com/app/2234581/
Super Jigsaw Puzzle: Generations - Finland,85,$4.99,$0.74,,,,https://store.steampowered.com/app/2234582/
Super Jigsaw Puzzle: Generations - Fantasy 2,85,$4.99,$0.74,,,,https://store.steampowered.com/app/2234583/
Super Jigsaw Puzzle: Generations - Illustrations,85,$4.99,$0.74,,,,https://store.steampowered.com/app/2234584/
Super Jigsaw Puzzle: Generations - Random Animals 3,85,$4.99,$0.74,,,,https://store.steampowered.com/app/2234586/
Super Jigsaw Puzzle: Generations - Toys,85,$4.99,$0.74,,,,https://store.steampowered.com/app/2234587/
Super Jigsaw Puzzle: Generations - Random Animals 2,85,$4.99,$0.74,,,,https://store.steampowered.com/app/2089810/
Super Jigsaw Puzzle: Generations - Anime 4,85,$4.99,$0.74,,,,https://store.steampowered.com/app/2089811/
Super Jigsaw Puzzle: Generations - Furniture,85,$4.99,$0.74,,,,https://store.steampowered.com/app/2089812/
Super Jigsaw Puzzle: Generations - Landscapes 2,85,$4.99,$0.74,,,,https://store.steampowered.com/app/2098300/
Super Jigsaw Puzzle: Generations - Anime Puzzles 3,85,$4.99,$0.74,,,,https://store.steampowered.com/app/1620780/
Super Jigsaw Puzzle: Generations - Beaches 2,85,$4.99,$0.74,,,,https://store.steampowered.com/app/1629020/
RIDE 4 - Italian Style Pack 2,85,$4.99,$0.74,,,,https://store.steampowered.com/app/1365330/
Super Jigsaw Puzzle: Generations - Random Animals Puzzles,85,$4.99,$0.74,,,,https://store.steampowered.com/app/1246186/
Super Jigsaw Puzzle: Generations - South Korea,85,$4.99,$0.74,,,,https://store.steampowered.com/app/2831100/
Super Jigsaw Puzzle: Generations - Birds 2,85,$4.99,$0.74,,,,https://store.steampowered.com/app/2831110/
Super Jigsaw Puzzle: Generations - Illustrations 2,85,$4.99,$0.74,,,,https://store.steampowered.com/app/2831120/
Super Jigsaw Puzzle: Generations - Music,85,$4.99,$0.74,,,,https://store.steampowered.com/app/2831130/
Super Jigsaw Puzzle: Generations - Random Animals 4,85,$4.99,$0.74,,,,https://store.steampowered.com/app/2986130/
Super Jigsaw Puzzle: Generations - Croatia,85,$4.99,$0.74,,,,https://store.steampowered.com/app/2986140/
Super Jigsaw Puzzle: Generations - Flowers 2,85,$4.99,$0.74,,,,https://store.steampowered.com/app/2986150/
Super Jigsaw Puzzle: Generations - Agriculture,85,$4.99,$0.74,,,,https://store.steampowered.com/app/2986160/
Super Jigsaw Puzzle: Generations - Tools,85,$4.99,$0.74,,,,https://store.steampowered.com/app/2457073/
Super Jigsaw Puzzle: Generations - Amusements,85,$4.99,$0.74,,,,https://store.steampowered.com/app/2457074/
Super Jigsaw Puzzle: Generations - Baby Animals 2,85,$4.99,$0.74,,,,https://store.steampowered.com/app/2457075/
Super Jigsaw Puzzle: Generations - Morocco,85,$4.99,$0.74,,,,https://store.steampowered.com/app/3153980/
Super Jigsaw Puzzle: Generations - Beaches 3,85,$4.99,$0.74,,,,https://store.steampowered.com/app/3154000/
Super Jigsaw Puzzle: Generations - Sunsets 2,85,$4.99,$0.74,,,,https://store.steampowered.com/app/3154010/
Super Jigsaw Puzzle: Generations - Nepal,85,$4.99,$0.74,,,,https://store.steampowered.com/app/3154020/
Super Jigsaw Puzzle: Generations - Anime 6,85,$4.99,$0.74,,,,https://store.steampowered.com/app/3154030/
Super Jigsaw Puzzle: Generations - Argentina,85,$4.99,$0.74,,,,https://store.steampowered.com/app/3543800/
Super Jigsaw Puzzle: Generations - Ireland,85,$4.99,$0.74,,,,https://store.steampowered.com/app/3378480/
Super Jigsaw Puzzle: Generations - Sweets 2,85,$4.99,$0.74,,,,https://store.steampowered.com/app/3378490/
Super Jigsaw Puzzle: Generations - Bugs 2,85,$4.99,$0.74,,,,https://store.steampowered.com/app/3378500/
Super Jigsaw Puzzle: Generations - Rivers,85,$4.99,$0.74,,,,https://store.steampowered.com/app/3378510/
Super Jigsaw Puzzle: Generations - Turkey,85,$4.99,$0.74,,,,https://store.steampowered.com/app/3378520/
Cursed to Golf,85,$5.00,$0.75,70,695,positive,https://store.steampowered.com/app/1726120/
Dungeons of Sundaria,85,$5.49,$0.82,75,1633,positive,https://store.steampowered.com/app/587520/
CASE 2: Animatronics Survival,85,$5.49,$0.82,75,426,positive,https://store.steampowered.com/app/722960/
SteamWorld Dig,85,$5.49,$0.82,93,3091,positive,https://store.steampowered.com/app/252410/
They Always Run,85,$5.49,$0.82,78,770,positive,https://store.steampowered.com/app/1585440/
Kingsgrave,85,$5.49,$0.82,80,517,positive,https://store.steampowered.com/app/2644360/
CASE: Animatronics,85,$5.49,$0.82,67,744,mixed,https://store.steampowered.com/app/489360/
THE LAST BLADE 2,85,$5.49,$0.82,90,373,positive,https://store.steampowered.com/app/702110/
MouseCraft,85,$5.49,$0.82,85,200,positive,https://store.steampowered.com/app/252750/
SuperQuest,85,$5.49,$0.82,100,91,positive,https://store.steampowered.com/app/3488200/
DESTRUCTURE: Among Debris,85,$5.49,$0.82,90,158,positive,https://store.steampowered.com/app/1825210/
Lichtspeer: Double Speer Edition,85,$5.49,$0.82,81,69,positive,https://store.steampowered.com/app/994040/
Borderwatch: Dark Armada,85,$5.49,$0.82,83,55,positive,https://store.steampowered.com/app/2260100/
To Be In Love With Girls Group,85,$5.49,$0.82,64,220,mixed,https://store.steampowered.com/app/2817530/
Frail Hearts: Versicorae Domlion,85,$5.49,$0.82,80,45,positive,https://store.steampowered.com/app/1412890/
Darkness Within 2: The Dark Lineage,85,$5.49,$0.82,69,232,mixed,https://store.steampowered.com/app/298950/
Velocity®Ultra,85,$5.49,$0.82,79,139,positive,https://store.steampowered.com/app/244890/
Battle of Kings VR,85,$5.49,$0.82,73,38,positive,https://store.steampowered.com/app/778250/
Dark Matter,85,$5.49,$0.82,44,200,mixed,https://store.steampowered.com/app/251410/
Horror Adventure VR,85,$5.49,$0.82,50,18,mixed,https://store.steampowered.com/app/1320990/
The Station VR,85,$5.49,$0.82,61,26,mixed,https://store.steampowered.com/app/877510/
Balloonatics,85,$5.49,$0.82,85,14,positive,https://store.steampowered.com/app/744600/
The Unknown City (Horror Begins Now.....Episode 1),85,$5.49,$0.82,40,15,mixed,https://store.steampowered.com/app/819070/
Super Kids Racing,85,$5.49,$0.82,26,23,negative,https://store.steampowered.com/app/793970/
Horror Adventure,85,$5.49,$0.82,27,11,negative,https://store.steampowered.com/app/2292610/
Tractor Racers,85,$5.49,$0.82,,,,https://store.steampowered.com/app/4219590/
Extreme Cycling,85,$5.49,$0.82,,,,https://store.steampowered.com/app/3400360/
Super Kids Racing : Mini Edition,85,$5.49,$0.82,,,,https://store.steampowered.com/app/2248920/
Horror Adventure : Zombie Edition,85,$5.49,$0.82,,,,https://store.steampowered.com/app/2202240/
Snowboard Legends,85,$5.49,$0.82,,,,https://store.steampowered.com/app/3276800/
Jetpack Vacation,85,$5.49,$0.82,,,,https://store.steampowered.com/app/1293930/
Extreme Offroad Racing VR,85,$5.49,$0.82,,,,https://store.steampowered.com/app/3492650/
Speed Car Fighter,85,$5.49,$0.82,,,,https://store.steampowered.com/app/833800/
Quiz Time,85,$5.49,$0.82,,,,https://store.steampowered.com/app/863640/
Epic World,85,$5.49,$0.82,,,,https://store.steampowered.com/app/1040910/
Gladiator: Blades of Fury,85,$5.49,$0.82,,,,https://store.steampowered.com/app/1007490/
Space Explore,85,$5.49,$0.82,,,,https://store.steampowered.com/app/1583190/
Highway Driving,85,$5.49,$0.82,,,,https://store.steampowered.com/app/2016980/
Extreme Offroad Racing,85,$5.49,$0.82,,,,https://store.steampowered.com/app/2574850/
Extreme Bike Racing,85,$5.49,$0.82,,,,https://store.steampowered.com/app/2574870/
Maze (The Amazing Labyrinth),85,$5.49,$0.82,,,,https://store.steampowered.com/app/2293210/
Snakes and Ladders Championship,85,$5.49,$0.82,,,,https://store.steampowered.com/app/3705010/
Airplane Racing Championship,85,$5.49,$0.82,,,,https://store.steampowered.com/app/3595280/
Mega Carrier Simulator,85,$5.49,$0.82,,,,https://store.steampowered.com/app/4136200/
Turbo Rivals,85,$5.49,$0.82,,,,https://store.steampowered.com/app/4444130/
Alpine Skater,85,$5.49,$0.82,,,,https://store.steampowered.com/app/3994690/
Easy Running,85,$5.79,$0.86,85,14,positive,https://store.steampowered.com/app/4086350/
Among the zombies,85,$5.89,$0.88,55,20,mixed,https://store.steampowered.com/app/1826760/
Far Cry® 5 - Dead Living Zombies,85,$5.89,$0.88,27,1085,negative,https://store.steampowered.com/app/874610/
Sacred Cubes 2,85,$5.89,$0.88,,,,https://store.steampowered.com/app/1599520/
King of Dragon Pass,85,$6.19,$0.92,79,407,positive,https://store.steampowered.com/app/352220/
Beat Souls,85,$6.19,$0.92,58,24,mixed,https://store.steampowered.com/app/1596370/
Unknown Fate,85,$6.29,$0.94,60,35,mixed,https://store.steampowered.com/app/510390/
Extreme Cycling Championship,85,$6.29,$0.94,,,,https://store.steampowered.com/app/4688690/
The Curse 404,85,$6.29,$0.94,,,,https://store.steampowered.com/app/4320820/
Lifeless Planet Premier Edition,85,$6.49,$0.97,75,1517,positive,https://store.steampowered.com/app/261530/
Fast Gear,85,$6.49,$0.97,,,,https://store.steampowered.com/app/1282390/
Velocity Riders,85,$6.49,$0.97,,,,https://store.steampowered.com/app/3698360/
Togges,85,$6.84,$1.02,64,186,mixed,https://store.steampowered.com/app/1550270/
The Gunk,85,$6.84,$1.02,86,1900,positive,https://store.steampowered.com/app/1087760/
Maneater: Truth Quest,85,$6.99,$1.04,49,1168,mixed,https://store.steampowered.com/app/1611940/
Just Die Already,85,$6.99,$1.04,84,976,positive,https://store.steampowered.com/app/979070/
SILT,85,$6.99,$1.04,79,793,positive,https://store.steampowered.com/app/1325890/
SteamWorld Heist,85,$6.99,$1.04,93,2378,positive,https://store.steampowered.com/app/322190/
Mini Motor Racing X,85,$6.99,$1.04,87,261,positive,https://store.steampowered.com/app/1303990/
Automachef,85,$6.99,$1.04,75,522,positive,https://store.steampowered.com/app/984800/
The Bad Kids,85,$6.99,$1.04,75,578,positive,https://store.steampowered.com/app/2071200/
Plus Ultra: Legado,85,$6.99,$1.04,82,93,positive,https://store.steampowered.com/app/2685570/
Slaycation Paradise,85,$6.99,$1.04,81,132,positive,https://store.steampowered.com/app/1643850/
The Bunker,85,$6.99,$1.04,69,1644,mixed,https://store.steampowered.com/app/481110/
HoPiKo,85,$6.99,$1.04,87,55,positive,https://store.steampowered.com/app/437390/
Raging Justice,85,$6.99,$1.04,78,112,positive,https://store.steampowered.com/app/384200/
Bonkies,85,$6.99,$1.04,94,34,positive,https://store.steampowered.com/app/889260/
Red Wings: American Aces,85,$6.99,$1.04,70,44,positive,https://store.steampowered.com/app/1654680/
Elven Rivers 2: New Horizons Collector's Edition,85,$6.99,$1.04,70,10,positive,https://store.steampowered.com/app/2153970/
DEATHRUN TV,85,$6.99,$1.04,81,58,positive,https://store.steampowered.com/app/1591690/
Super Pixel Racers,85,$6.99,$1.04,68,100,mixed,https://store.steampowered.com/app/501020/
Brut@l,85,$6.99,$1.04,79,134,positive,https://store.steampowered.com/app/489260/
Marble Duel: Sphere-Matching Tactical Fantasy,85,$6.99,$1.04,59,181,mixed,https://store.steampowered.com/app/338120/
Deus Ex: The Fall,85,$6.99,$1.04,35,2319,negative,https://store.steampowered.com/app/258180/
Project Warlock,85,$7.00,$1.05,87,2681,positive,https://store.steampowered.com/app/893680/
Assassin's Creed® Origins - The Hidden Ones,85,$7.29,$1.09,79,926,positive,https://store.steampowered.com/app/662350/
Watch_Dogs® 2 - No Compromise,85,$7.29,$1.09,51,306,mixed,https://store.steampowered.com/app/525031/
Neckbreak,85,$7.29,$1.09,79,416,positive,https://store.steampowered.com/app/992730/
Far Cry® 5 - Lost On Mars,85,$7.29,$1.09,49,1220,mixed,https://store.steampowered.com/app/761820/
Echoes of Aetheria,85,$7.49,$1.12,82,143,positive,https://store.steampowered.com/app/354740/
Dungeon Golf,85,$7.49,$1.12,81,79,positive,https://store.steampowered.com/app/2144040/
Groove Gunner,85,$7.49,$1.12,83,30,positive,https://store.steampowered.com/app/976930/
Sweet Lily Dreams,85,$7.49,$1.12,85,20,positive,https://store.steampowered.com/app/300540/
3 Stars of Destiny,85,$7.49,$1.12,69,55,mixed,https://store.steampowered.com/app/278530/
Monster Harvest,85,$7.49,$1.12,53,458,mixed,https://store.steampowered.com/app/1363350/
Beholder 2,85,$7.79,$1.16,81,1051,positive,https://store.steampowered.com/app/761620/
Beholder 3,85,$7.79,$1.16,68,424,mixed,https://store.steampowered.com/app/1570070/
Puppet House,85,$7.79,$1.16,89,189,positive,https://store.steampowered.com/app/1707710/
Bomber Crew,85,$7.99,$1.19,88,6626,positive,https://store.steampowered.com/app/537800/
Urbek City Builder,85,$7.99,$1.19,89,1832,positive,https://store.steampowered.com/app/1411740/
ルナティックドーン 前途への道標,85,$7.99,$1.19,80,76,positive,https://store.steampowered.com/app/335420/
Space Crew: Legendary Edition,85,$7.99,$1.19,77,1684,positive,https://store.steampowered.com/app/1176710/
Dark Mystery,85,$7.99,$1.19,46,13,mixed,https://store.steampowered.com/app/660900/
Jane's Advanced Strike Fighters,85,$7.99,$1.19,36,365,negative,https://store.steampowered.com/app/207790/
theHunter: Call of the Wild™,85,$8.19,$1.22,89,75675,positive,https://store.steampowered.com/app/518790/
Portal Knights,85,$8.19,$1.22,83,4831,positive,https://store.steampowered.com/app/374040/
SteamWorld Dig 2,85,$8.19,$1.22,95,3090,positive,https://store.steampowered.com/app/571310/
Embr,85,$8.19,$1.22,87,1386,positive,https://store.steampowered.com/app/1062830/
White Shadows,85,$8.19,$1.22,81,1881,positive,https://store.steampowered.com/app/1158890/
Indivisible,85,$8.19,$1.22,72,1275,positive,https://store.steampowered.com/app/421170/
Tacoma,85,$8.19,$1.22,89,2294,positive,https://store.steampowered.com/app/343860/
Carly and the Reaperman - Escape from the Underworld,85,$8.19,$1.22,86,204,positive,https://store.steampowered.com/app/547480/
Forsaken Remastered,85,$8.19,$1.22,87,262,positive,https://store.steampowered.com/app/668980/
RUSH,85,$8.19,$1.22,81,225,positive,https://store.steampowered.com/app/844040/
Conarium,85,$8.19,$1.22,76,1901,positive,https://store.steampowered.com/app/313780/
Swordship,85,$8.19,$1.22,85,209,positive,https://store.steampowered.com/app/1804270/
Natsuki Chronicles,85,$8.19,$1.22,83,230,positive,https://store.steampowered.com/app/1175190/
Ginga Force,85,$8.19,$1.22,80,227,positive,https://store.steampowered.com/app/885910/
Virtuoso,85,$8.19,$1.22,77,86,positive,https://store.steampowered.com/app/1213710/
Source of Madness,85,$8.19,$1.22,69,1411,mixed,https://store.steampowered.com/app/1315610/
Killing Floor: Incursion,85,$8.19,$1.22,51,689,mixed,https://store.steampowered.com/app/690810/
Castle Dark,85,$8.19,$1.22,94,19,positive,https://store.steampowered.com/app/3359310/
BlackForge: A Smithing Adventure,85,$8.19,$1.22,58,46,mixed,https://store.steampowered.com/app/2146140/
Intruders: Hide and Seek,85,$8.19,$1.22,73,280,positive,https://store.steampowered.com/app/1045840/
Transient: Extended Edition,85,$8.19,$1.22,68,283,mixed,https://store.steampowered.com/app/962630/
Time Carnage VR,85,$8.19,$1.22,75,93,positive,https://store.steampowered.com/app/554280/
Raey,85,$8.19,$1.22,94,19,positive,https://store.steampowered.com/app/2922720/
Arca's Path VR,85,$8.19,$1.22,80,15,positive,https://store.steampowered.com/app/842120/
GIGA WRECKER,85,$8.19,$1.22,76,728,positive,https://store.steampowered.com/app/454410/
RaidersSphere4th,85,$8.19,$1.22,75,115,positive,https://store.steampowered.com/app/340860/
RICO,85,$8.19,$1.22,61,428,mixed,https://store.steampowered.com/app/656700/
Smoke and Sacrifice,85,$8.19,$1.22,79,268,positive,https://store.steampowered.com/app/695100/
Paper Cut Mansion,85,$8.19,$1.22,65,64,mixed,https://store.steampowered.com/app/1004370/
Assault Suit Leynos,85,$8.19,$1.22,67,194,mixed,https://store.steampowered.com/app/441350/
Serious Sam VR: The Second Encounter,85,$8.19,$1.22,85,238,positive,https://store.steampowered.com/app/552460/
Bellatia,85,$8.19,$1.22,41,29,mixed,https://store.steampowered.com/app/614450/
KeyWe,85,$8.49,$1.27,91,1808,positive,https://store.steampowered.com/app/1242980/
Definitely Not Fried Chicken,85,$8.49,$1.27,71,1444,positive,https://store.steampowered.com/app/1036240/
SteamWorld Quest: Hand of Gilgamech,85,$8.49,$1.27,87,1953,positive,https://store.steampowered.com/app/804010/
Guardians Frontline,85,$8.49,$1.27,83,288,positive,https://store.steampowered.com/app/1481440/
Morbid: The Seven Acolytes,85,$8.49,$1.27,75,965,positive,https://store.steampowered.com/app/1140890/
Disco Ball,85,$8.49,$1.27,83,12,positive,https://store.steampowered.com/app/1567950/
Russian Drunken Boxers,85,$8.49,$1.27,100,11,positive,https://store.steampowered.com/app/1566120/
Fruit Row,85,$8.49,$1.27,85,14,positive,https://store.steampowered.com/app/1578700/
TOTEMS,85,$8.49,$1.27,81,11,positive,https://store.steampowered.com/app/1998130/
Robber Sam,85,$8.49,$1.27,63,19,mixed,https://store.steampowered.com/app/1998100/
Far Cry® 5 - Hours of Darkness,85,$8.99,$1.34,49,1552,mixed,https://store.steampowered.com/app/761821/
What Lies in the Multiverse,85,$8.99,$1.34,91,519,positive,https://store.steampowered.com/app/1721170/
Deadlight: Director's Cut,85,$8.99,$1.34,73,877,positive,https://store.steampowered.com/app/423950/
Dofamine,85,$8.99,$1.34,82,212,positive,https://store.steampowered.com/app/1441180/
"Dr Livingstone, I Presume? Reversed Escape Room",85,$8.99,$1.34,73,115,positive,https://store.steampowered.com/app/1237510/
GAROU: MARK OF THE WOLVES,85,$9.99,$1.49,94,926,positive,https://store.steampowered.com/app/366240/
Strife: Veteran Edition,85,$9.99,$1.49,90,475,positive,https://store.steampowered.com/app/317040/
Alphadia Genesis,85,$9.99,$1.49,78,85,positive,https://store.steampowered.com/app/323450/
Gnomes and Knights: Path of Success,85,$9.99,$1.49,,,,https://store.steampowered.com/app/3371810/
Horse Racing 2016,85,$9.99,$1.49,16,31,negative,https://store.steampowered.com/app/655610/
Horror Adventure : Zombie Edition VR,85,$9.99,$1.49,,,,https://store.steampowered.com/app/2292630/
LEGO® Bricktales,85,$10.49,$1.57,83,1857,positive,https://store.steampowered.com/app/1898290/
Sniper Elite VR,85,$10.49,$1.57,56,807,mixed,https://store.steampowered.com/app/752480/
The Talos Principle VR,85,$10.49,$1.57,83,815,positive,https://store.steampowered.com/app/552440/
Wavetale,85,$10.49,$1.57,88,1366,positive,https://store.steampowered.com/app/1823930/
Serious Sam 3 VR: BFE,85,$10.49,$1.57,85,589,positive,https://store.steampowered.com/app/567670/
Serious Sam VR: The Last Hope,85,$10.49,$1.57,84,1338,positive,https://store.steampowered.com/app/465240/
SNK 40th ANNIVERSARY COLLECTION,85,$10.49,$1.57,82,229,positive,https://store.steampowered.com/app/865940/
Underworld Ascendant,85,$10.49,$1.57,41,696,mixed,https://store.steampowered.com/app/692840/
Fallen Legion: Rise to Glory,85,$10.49,$1.57,59,64,mixed,https://store.steampowered.com/app/612820/
Traveler Eternal Night,85,$10.49,$1.57,100,10,positive,https://store.steampowered.com/app/2810120/
Cry Babies Magic Tears: The Big Game,85,$10.49,$1.57,85,14,positive,https://store.steampowered.com/app/2458250/
Watch_Dogs® 2 - Human Conditions,85,$10.99,$1.64,63,382,mixed,https://store.steampowered.com/app/525030/
Die After Sunset,85,$10.99,$1.64,62,80,mixed,https://store.steampowered.com/app/1440010/
Steep - X-Games Pass,85,$10.99,$1.64,67,46,mixed,https://store.steampowered.com/app/951660/
Maneater,85,$12.99,$1.94,88,9022,positive,https://store.steampowered.com/app/629820/
SAMURAI SHODOWN NEOGEO COLLECTION,85,$12.99,$1.94,81,370,positive,https://store.steampowered.com/app/999660/
Ryan's Rescue Squad,85,$12.99,$1.94,75,12,positive,https://store.steampowered.com/app/1596940/
Giants Uprising,85,$13.90,$2.08,56,195,mixed,https://store.steampowered.com/app/1109160/
Red Wings: Aces of the Sky,85,$13.99,$2.09,59,89,mixed,https://store.steampowered.com/app/1140630/
What The Duck,85,$13.99,$2.09,46,39,mixed,https://store.steampowered.com/app/1034590/
Labyrinth of Zangetsu,85,$14.49,$2.17,70,70,positive,https://store.steampowered.com/app/1922960/
Assassin's Creed® Origins - The Curse Of The Pharaohs,85,$14.99,$2.24,80,979,positive,https://store.steampowered.com/app/662351/
THE KING OF FIGHTERS '98 ULTIMATE MATCH FINAL EDITION,85,$14.99,$2.24,92,701,positive,https://store.steampowered.com/app/222420/
Lost Sea,85,$14.99,$2.24,52,40,mixed,https://store.steampowered.com/app/334280/
SNK HEROINES Tag Team Frenzy,85,$15.99,$2.39,72,892,positive,https://store.steampowered.com/app/794580/
Mary Skelter Finale,85,$15.99,$2.39,70,118,positive,https://store.steampowered.com/app/2357400/
DRAGON BALL: THE BREAKERS,85,$19.99,$2.99,54,2484,mixed,https://store.steampowered.com/app/1276760/
Turok,85,$19.99,$2.99,93,2473,positive,https://store.steampowered.com/app/405820/
11-11 Memories Retold,85,$19.99,$2.99,89,670,positive,https://store.steampowered.com/app/735580/
Unplugged,85,$19.99,$2.99,66,74,mixed,https://store.steampowered.com/app/1623390/
River City Super Sports Challenge ~All Stars Special~,85,$19.99,$2.99,67,689,mixed,https://store.steampowered.com/app/326340/
River City Melee : Battle Royal Special,85,$19.99,$2.99,57,89,mixed,https://store.steampowered.com/app/544630/
Rising Storm Game of the Year Edition,85,$19.99,$2.99,98,86,positive,https://store.steampowered.com/app/234510/
Torchlight III,85,$20.99,$3.14,51,4918,mixed,https://store.steampowered.com/app/1030210/
Iron Harvest,85,$22.99,$3.44,75,6146,positive,https://store.steampowered.com/app/826630/
Fairy Fencer F: Refrain Chord,85,$22.99,$3.44,80,81,positive,https://store.steampowered.com/app/2228390/
BALAN WONDERWORLD,85,$26.99,$4.04,55,454,mixed,https://store.steampowered.com/app/1341050/
Titanfall® 2,85,$29.99,$4.49,95,96608,positive,https://store.steampowered.com/app/1237970/
Anno 2205™,85,$29.99,$4.49,69,3001,mixed,https://store.steampowered.com/app/375910/
Monster Hunter World: Iceborne,85,$32.99,$4.94,78,5803,positive,https://store.steampowered.com/app/1118010/
Monster Hunter Rise: Sunbreak,85,$32.99,$4.94,78,1978,positive,https://store.steampowered.com/app/1880360/
RIDE 4,85,$39.99,$5.99,81,2677,positive,https://store.steampowered.com/app/1259980/
Nioh: Complete Edition,85,$41.69,$6.25,80,9132,positive,https://store.steampowered.com/app/485510/
Far Cry® 5,85,$43.99,$6.59,80,70073,positive,https://store.steampowered.com/app/552520/
Assassin's Creed® Origins,85,$43.99,$6.59,84,36978,positive,https://store.steampowered.com/app/582160/
Watch Dogs®: Legion,85,$43.99,$6.59,58,4818,mixed,https://store.steampowered.com/app/2239550/
Marvel's Midnight Suns,85,$44.99,$6.74,83,11772,positive,https://store.steampowered.com/app/368260/
Ni no Kuni Wrath of the White Witch™ Remastered,85,$49.99,$7.49,83,2489,positive,https://store.steampowered.com/app/798460/
X-Morph: Defense - European Assault,84,$2.99,$0.47,81,59,positive,https://store.steampowered.com/app/800340/
X-Morph: Defense - Last Bastion,84,$2.99,$0.47,97,45,positive,https://store.steampowered.com/app/800342/
X-Morph: Defense - Survival Of The Fittest,84,$2.99,$0.47,52,19,mixed,https://store.steampowered.com/app/800341/
Refactor,84,$2.99,$0.47,83,430,positive,https://store.steampowered.com/app/1664670/
School Teacher Simulator,84,$2.99,$0.47,80,63,positive,https://store.steampowered.com/app/3304570/
Ashes of the Night,84,$2.99,$0.47,89,58,positive,https://store.steampowered.com/app/973050/
Rioters 2025,84,$2.99,$0.47,44,27,mixed,https://store.steampowered.com/app/1613100/
Swords & Bones,84,$2.99,$0.47,91,81,positive,https://store.steampowered.com/app/1534700/
SCP Operations,84,$2.99,$0.47,70,89,positive,https://store.steampowered.com/app/2329910/
Cake Invaders,84,$2.99,$0.47,84,26,positive,https://store.steampowered.com/app/1619080/
Swords & Bones 2,84,$2.99,$0.47,92,39,positive,https://store.steampowered.com/app/1928120/
Space Slurpies,84,$2.99,$0.47,97,36,positive,https://store.steampowered.com/app/1334910/
Hack Grid,84,$2.99,$0.47,100,23,positive,https://store.steampowered.com/app/1543290/
Fortune Paradox,84,$2.99,$0.47,84,13,positive,https://store.steampowered.com/app/3650230/
Motor Assailant,84,$2.99,$0.47,87,16,positive,https://store.steampowered.com/app/1163730/
Cubicle Quest,84,$2.99,$0.47,73,550,positive,https://store.steampowered.com/app/349500/
Slav Junkie Simulator,84,$2.99,$0.47,78,19,positive,https://store.steampowered.com/app/2631500/
Gravity Badgers,84,$2.99,$0.47,71,213,positive,https://store.steampowered.com/app/267060/
D.N.Age,84,$2.99,$0.47,52,67,mixed,https://store.steampowered.com/app/497470/
'n Verlore Verstand,84,$2.99,$0.47,47,128,mixed,https://store.steampowered.com/app/439550/
Puzzle Island VR,84,$2.99,$0.47,60,25,mixed,https://store.steampowered.com/app/571630/
Dragon's Vengeance,84,$2.99,$0.47,81,11,positive,https://store.steampowered.com/app/1667540/
Dark Sheep,84,$2.99,$0.47,94,36,positive,https://store.steampowered.com/app/1576490/
Hyperglide,84,$2.99,$0.47,73,38,positive,https://store.steampowered.com/app/1638520/
IDIOT,84,$2.99,$0.47,65,26,mixed,https://store.steampowered.com/app/1410740/
Putin takes taxes,84,$2.99,$0.47,58,36,mixed,https://store.steampowered.com/app/798960/
Bridge!,84,$2.99,$0.47,12,47,negative,https://store.steampowered.com/app/300160/
RICO - Breakout,84,$2.99,$0.47,,,,https://store.steampowered.com/app/1177830/
The Armclaw Experiment,84,$2.99,$0.47,,,,https://store.steampowered.com/app/844760/
Gravity Shift,84,$2.99,$0.47,,,,https://store.steampowered.com/app/4446930/
PIRATADO 1,84,$2.99,$0.47,,,,https://store.steampowered.com/app/542750/
Operation Desert Road,84,$2.99,$0.47,,,,https://store.steampowered.com/app/727320/
Psychiatrist Simulator 2,84,$2.99,$0.47,,,,https://store.steampowered.com/app/2724740/
Musician Simulator,84,$2.99,$0.47,,,,https://store.steampowered.com/app/3006010/
The Territory of Egg 2,84,$2.99,$0.47,,,,https://store.steampowered.com/app/2863780/
Beat Miner,84,$2.99,$0.47,,,,https://store.steampowered.com/app/769540/
Battle for Mountain Throne,84,$2.99,$0.47,,,,https://store.steampowered.com/app/759840/
Zodiakalik,84,$2.99,$0.47,,,,https://store.steampowered.com/app/1386460/
Conflict of Lords,84,$2.99,$0.47,,,,https://store.steampowered.com/app/2577520/
The Land of Magic - Deluxe Edition,84,$2.99,$0.47,,,,https://store.steampowered.com/app/2883680/
Interwoven Emotions,84,$2.99,$0.47,,,,https://store.steampowered.com/app/2942130/
Nocturne Island Obscuria,84,$2.99,$0.47,,,,https://store.steampowered.com/app/3102660/
Pandora,84,$2.99,$0.47,,,,https://store.steampowered.com/app/2460910/
WorldShadow,84,$2.99,$0.47,,,,https://store.steampowered.com/app/3154890/
WEJAM,84,$3.49,$0.55,83,12,positive,https://store.steampowered.com/app/1094110/
Pantsu Hunter: Back to the 90s,84,$4.99,$0.79,80,243,positive,https://store.steampowered.com/app/953900/
Bibou Quest,84,$4.99,$0.79,93,16,positive,https://store.steampowered.com/app/1554460/
Tupã,84,$4.99,$0.79,54,11,mixed,https://store.steampowered.com/app/664630/
Fish's Trip,84,$4.99,$0.79,30,10,negative,https://store.steampowered.com/app/701960/
JumpBall 2,84,$4.99,$0.79,,,,https://store.steampowered.com/app/750870/
Kabitis 2: Fire Sword,84,$4.99,$0.79,,,,https://store.steampowered.com/app/1018700/
Violet Kingdom,84,$8.19,$1.31,96,25,positive,https://store.steampowered.com/app/2650010/
White Bridge,84,$8.19,$1.31,100,38,positive,https://store.steampowered.com/app/3131910/
GOD WARS The Complete Legend,84,$12.79,$2.00,68,190,mixed,https://store.steampowered.com/app/1038810/
Nature & Life - Drunk On Nectar,84,$14.99,$2.39,87,264,positive,https://store.steampowered.com/app/512460/
Dragon's Dogma: Dark Arisen,84,$23.99,$3.83,88,22264,positive,https://store.steampowered.com/app/367500/
SOULCALIBUR VI,84,$28.99,$4.63,83,5785,positive,https://store.steampowered.com/app/544750/
Iron Harvest - Iron Harvest 1920+,84,$34.41,$5.39,82,88,positive,https://store.steampowered.com/app/1628070/
Don't Disturb,83,$2.69,$0.45,85,510,positive,https://store.steampowered.com/app/501840/
Butterfly,83,$2.99,$0.50,89,38,positive,https://store.steampowered.com/app/1017610/
NARK THE DRAGON,83,$3.99,$0.67,60,33,mixed,https://store.steampowered.com/app/763740/
The Shapeshifting Detective,83,$6.99,$1.18,77,1169,positive,https://store.steampowered.com/app/898650/
I Saw Black Clouds,83,$6.99,$1.18,61,606,mixed,https://store.steampowered.com/app/1346830/
Night Book,83,$6.99,$1.18,67,526,mixed,https://store.steampowered.com/app/1477920/
The Last Worker,83,$8.19,$1.39,63,46,mixed,https://store.steampowered.com/app/1579280/
Burning Ball,83,$8.49,$1.44,91,12,positive,https://store.steampowered.com/app/1568070/
Russian Reality,83,$10.99,$1.86,66,15,mixed,https://store.steampowered.com/app/1470730/
Blobby Coins - The Board Game,82,$2.56,$0.46,,,,https://store.steampowered.com/app/4695280/
Swords & Bones 3,82,$2.99,$0.53,88,27,positive,https://store.steampowered.com/app/2280910/
Magnus Failure,82,$2.99,$0.53,73,26,positive,https://store.steampowered.com/app/1598970/
GOD WARS The Complete Legend - Beginners Support Set,82,$3.49,$0.62,,,,https://store.steampowered.com/app/1066050/
"Cybersoul: Rads, Spies & Lovers",82,$4.49,$0.80,,,,https://store.steampowered.com/app/4399730/
Warehouse Simulator: Forklift Driver,82,$5.89,$1.06,62,43,mixed,https://store.steampowered.com/app/1885640/
VR Slugger: The Toy Baseball Field,82,$6.19,$1.11,81,27,positive,https://store.steampowered.com/app/616890/
Aqua Panic !,82,$7.99,$1.43,92,14,positive,https://store.steampowered.com/app/340700/
Storm,82,$9.99,$1.79,68,66,mixed,https://store.steampowered.com/app/231020/
Wanted Corp.,82,$11.99,$2.15,53,13,mixed,https://store.steampowered.com/app/340560/
Dangerous Level,81,$2.49,$0.47,77,31,positive,https://store.steampowered.com/app/779800/
Cemetery Warrior V,81,$2.49,$0.47,71,32,positive,https://store.steampowered.com/app/1609440/
Bicycle Rider Simulator,81,$2.49,$0.47,43,71,mixed,https://store.steampowered.com/app/1903400/
Psychiatrist Simulator,81,$2.49,$0.47,50,24,mixed,https://store.steampowered.com/app/791590/
Nightmare Simulator,81,$2.49,$0.47,50,12,mixed,https://store.steampowered.com/app/809790/
Freelancer Life Simulator,81,$2.49,$0.47,25,32,negative,https://store.steampowered.com/app/1362340/
Crazy Mosquito Simulator,81,$2.49,$0.47,,,,https://store.steampowered.com/app/1008390/
Stoirs VR,81,$2.49,$0.47,,,,https://store.steampowered.com/app/1352870/
Bad Run - Turbo Edition,81,$2.49,$0.47,,,,https://store.steampowered.com/app/1285070/
8-Colors Star Guardians +,81,$2.99,$0.56,94,73,positive,https://store.steampowered.com/app/2483150/
Dungeon Crawler Daniel,81,$2.99,$0.56,84,19,positive,https://store.steampowered.com/app/1664010/
Cthulhu Saves Christmas,81,$5.49,$1.04,90,293,positive,https://store.steampowered.com/app/1057540/
This Way Madness Lies,81,$5.49,$1.04,88,154,positive,https://store.steampowered.com/app/1318970/
Ragdoll: Fall Simulator,81,$5.49,$1.04,76,82,positive,https://store.steampowered.com/app/1524400/
Underwater,81,$5.49,$1.04,72,62,positive,https://store.steampowered.com/app/1676200/
Cosmic Star Heroine,81,$6.99,$1.32,89,821,positive,https://store.steampowered.com/app/256460/
Skeletos Sword,81,$9.99,$1.89,82,17,positive,https://store.steampowered.com/app/2999780/
The Defaloon,81,$9.99,$1.89,69,13,mixed,https://store.steampowered.com/app/1838560/
Espire 1: VR Operative,81,$28.63,$5.40,54,381,mixed,https://store.steampowered.com/app/669290/
Tree Simulator 2023,80,$2.49,$0.49,95,671,positive,https://store.steampowered.com/app/1916970/
EARTH'S DAWN,80,$2.49,$0.49,73,205,positive,https://store.steampowered.com/app/494600/
Deadly Sin 2,80,$2.49,$0.49,85,56,positive,https://store.steampowered.com/app/285420/
Poubelle City,80,$2.49,$0.49,100,11,positive,https://store.steampowered.com/app/3856700/
Pale Echoes,80,$2.49,$0.49,80,31,positive,https://store.steampowered.com/app/377190/
Sentenced VR,80,$2.49,$0.49,70,55,positive,https://store.steampowered.com/app/1111830/
Space Empires III,80,$2.49,$0.49,82,45,positive,https://store.steampowered.com/app/1430200/
Waiting in the Lime forest,80,$2.49,$0.49,68,66,mixed,https://store.steampowered.com/app/2690110/
Beautiful Ukraine,80,$2.49,$0.49,95,22,positive,https://store.steampowered.com/app/1991010/
O.R.B: Off-World Resource Base,80,$2.49,$0.49,79,101,positive,https://store.steampowered.com/app/281390/
Princess Isabella - Return of the Curse,80,$2.49,$0.49,79,78,positive,https://store.steampowered.com/app/292670/
Kingdom Run VR,80,$2.49,$0.49,75,12,positive,https://store.steampowered.com/app/2255080/
The Princess' Heart,80,$2.49,$0.49,51,37,mixed,https://store.steampowered.com/app/378830/
Escape The Museum,80,$2.49,$0.49,44,68,mixed,https://store.steampowered.com/app/298020/
Voodoo Whisperer Curse of a Legend,80,$2.49,$0.49,55,77,mixed,https://store.steampowered.com/app/288830/
Robonauts,80,$2.49,$0.49,56,16,mixed,https://store.steampowered.com/app/562620/
Veranoia: Nightmare of Case 37,80,$2.49,$0.49,80,26,positive,https://store.steampowered.com/app/2709220/
Robowars,80,$2.49,$0.49,30,20,negative,https://store.steampowered.com/app/285090/
Soldiers Of Freedom,80,$2.49,$0.49,13,15,negative,https://store.steampowered.com/app/696500/
Aveyond 4: Shadow of the Mist - Strategy Guide,80,$2.49,$0.49,,,,https://store.steampowered.com/app/434950/
Super Jigsaw Puzzle: Generations - Waterfalls Puzzles,80,$2.49,$0.49,,,,https://store.steampowered.com/app/1056627/
Dig & Decode,80,$2.49,$0.49,,,,https://store.steampowered.com/app/3603570/
3 Stars of Destiny - Official Guide,80,$2.49,$0.49,,,,https://store.steampowered.com/app/366730/
Super Jigsaw Puzzle: Generations - Halloween Puzzles,80,$2.49,$0.49,,,,https://store.steampowered.com/app/1080591/
Cyber Arena,80,$2.49,$0.49,,,,https://store.steampowered.com/app/733230/
Super Jigsaw Puzzle: Generations - New York Puzzles,80,$2.49,$0.49,,,,https://store.steampowered.com/app/1246189/
Monkey Milk,80,$2.49,$0.49,,,,https://store.steampowered.com/app/2082290/
Downroll,80,$2.49,$0.49,,,,https://store.steampowered.com/app/1837870/
Ball Twist,80,$2.49,$0.49,,,,https://store.steampowered.com/app/1623220/
Super Jigsaw Puzzle: Generations - Iceland,80,$2.49,$0.49,,,,https://store.steampowered.com/app/1542570/
Super Jigsaw Puzzle: Generations - Rodents,80,$2.49,$0.49,,,,https://store.steampowered.com/app/1542571/
PenBall,80,$2.49,$0.49,,,,https://store.steampowered.com/app/1850620/
Moto Roller,80,$2.49,$0.49,,,,https://store.steampowered.com/app/1830740/
Color Ball,80,$2.49,$0.49,,,,https://store.steampowered.com/app/1810720/
Mathomatics,80,$2.49,$0.49,,,,https://store.steampowered.com/app/1847200/
Navy Strike,80,$2.49,$0.49,,,,https://store.steampowered.com/app/1644810/
Super Jigsaw Puzzle: Generations - Australia Puzzles,80,$2.49,$0.49,,,,https://store.steampowered.com/app/1244700/
Super Jigsaw Puzzle: Generations - Brazil Puzzles,80,$2.49,$0.49,,,,https://store.steampowered.com/app/1246180/
Super Jigsaw Puzzle: Generations - Germany Puzzles,80,$2.49,$0.49,,,,https://store.steampowered.com/app/1246187/
Super Jigsaw Puzzle: Generations - Horses Puzzles,80,$2.49,$0.49,,,,https://store.steampowered.com/app/1246188/
Super Jigsaw Puzzle: Generations - Monkeys & Apes Puzzles,80,$2.49,$0.49,,,,https://store.steampowered.com/app/1246190/
In Shape 2,80,$2.49,$0.49,,,,https://store.steampowered.com/app/1814100/
Car Puzzle: Round Ways,80,$2.49,$0.49,,,,https://store.steampowered.com/app/876960/
Super Jigsaw Puzzle: Generations - Christmas Puzzles,80,$2.49,$0.49,,,,https://store.steampowered.com/app/1082032/
Super Jigsaw Puzzle: Generations - Spring Puzzles,80,$2.49,$0.49,,,,https://store.steampowered.com/app/1073680/
Last Definitive Fantasy,80,$2.49,$0.49,,,,https://store.steampowered.com/app/2715970/
House Tidy,80,$2.49,$0.49,,,,https://store.steampowered.com/app/4288050/
Three Doors,80,$2.49,$0.49,,,,https://store.steampowered.com/app/4378160/
Overboss,80,$2.55,$0.51,44,50,mixed,https://store.steampowered.com/app/2109390/
Sokoban Land DX,80,$2.69,$0.53,75,16,positive,https://store.steampowered.com/app/670850/
Storm Burst: Tornado Alley,80,$2.69,$0.53,65,20,mixed,https://store.steampowered.com/app/3438630/
祛魅·入灭（祛魅2）,80,$2.69,$0.53,67,43,mixed,https://store.steampowered.com/app/972200/
WILOO,80,$2.69,$0.53,45,11,mixed,https://store.steampowered.com/app/673010/
The Thrill Of The Fight 2 - Puma Original Red Shorts,80,$2.69,$0.53,,,,https://store.steampowered.com/app/4933030/
The Thrill Of The Fight 2 - Puma Original Black Shorts,80,$2.69,$0.53,,,,https://store.steampowered.com/app/4932990/
The Thrill Of The Fight 2 - Puma Original Red Top,80,$2.69,$0.53,,,,https://store.steampowered.com/app/4933020/
The Thrill Of The Fight 2 - Puma Original Special Edition Black Shorts,80,$2.69,$0.53,,,,https://store.steampowered.com/app/4933070/
The Thrill Of The Fight 2 - Puma Original Special Edition Red Top,80,$2.69,$0.53,,,,https://store.steampowered.com/app/4885250/
The Thrill Of The Fight 2 - Puma Original Special Edition Red Shorts,80,$2.69,$0.53,,,,https://store.steampowered.com/app/4885240/
The Thrill Of The Fight 2 - Puma Original Special Edition Red Shoes,80,$2.69,$0.53,,,,https://store.steampowered.com/app/4885230/
The Thrill Of The Fight 2 - Puma Original Special Edition Black Shoes,80,$2.69,$0.53,,,,https://store.steampowered.com/app/4933080/
The Thrill Of The Fight 2 - Puma Original Special Edition Black Top,80,$2.69,$0.53,,,,https://store.steampowered.com/app/4933060/
The Thrill Of The Fight 2 - Puma Original Red Shoes,80,$2.69,$0.53,,,,https://store.steampowered.com/app/4933040/
The Thrill Of The Fight 2 - Puma Original Black Top,80,$2.69,$0.53,,,,https://store.steampowered.com/app/4932980/
The Thrill Of The Fight 2 - Puma Original Black Shoes,80,$2.69,$0.53,,,,https://store.steampowered.com/app/4933000/
Surviving with a Bat,80,$2.69,$0.53,,,,https://store.steampowered.com/app/2703130/
Wanderlust: Transsiberian,80,$2.99,$0.59,63,49,mixed,https://store.steampowered.com/app/1233420/
Frostpunk: The Rifts,80,$2.99,$0.59,57,483,mixed,https://store.steampowered.com/app/1125020/
Eyes: The Horror Game,80,$2.99,$0.59,90,932,positive,https://store.steampowered.com/app/2633640/
The Making of Streets of Rogue,80,$2.99,$0.59,89,28,positive,https://store.steampowered.com/app/1064720/
112 Operator - Facilities,80,$2.99,$0.59,81,60,positive,https://store.steampowered.com/app/1300851/
Monsters' Den: Book of Dread,80,$2.99,$0.59,94,257,positive,https://store.steampowered.com/app/502230/
UberSoldier,80,$2.99,$0.59,83,288,positive,https://store.steampowered.com/app/2905090/
Submarine Titans,80,$2.99,$0.59,86,348,positive,https://store.steampowered.com/app/1259380/
MagiCat,80,$2.99,$0.59,90,425,positive,https://store.steampowered.com/app/656970/
Awareness Rooms,80,$2.99,$0.59,81,555,positive,https://store.steampowered.com/app/453290/
Hole io,80,$2.99,$0.59,59,217,mixed,https://store.steampowered.com/app/2751230/
Boogeyman 2,80,$2.99,$0.59,80,344,positive,https://store.steampowered.com/app/567130/
Knight Bewitched,80,$2.99,$0.59,92,153,positive,https://store.steampowered.com/app/815150/
Ouroboros,80,$2.99,$0.59,93,147,positive,https://store.steampowered.com/app/822830/
Boogeyman,80,$2.99,$0.59,79,599,positive,https://store.steampowered.com/app/412770/
Murasaki,80,$2.99,$0.59,92,126,positive,https://store.steampowered.com/app/392030/
Rustler - Vinci,80,$2.99,$0.59,94,18,positive,https://store.steampowered.com/app/1628880/
Rustler - Murder Madness,80,$2.99,$0.59,85,14,positive,https://store.steampowered.com/app/1628870/
Divide By Sheep,80,$2.99,$0.59,93,478,positive,https://store.steampowered.com/app/252130/
Castle Break,80,$2.99,$0.59,95,81,positive,https://store.steampowered.com/app/1018130/
Johnny Trigger,80,$2.99,$0.59,90,66,positive,https://store.steampowered.com/app/2751320/
If My Heart Had Wings - Original Sound Track,80,$2.99,$0.59,95,92,positive,https://store.steampowered.com/app/340080/
Whispers in the Moss,80,$2.99,$0.59,100,23,positive,https://store.steampowered.com/app/1944310/
Party Tycoon,80,$2.99,$0.59,46,303,mixed,https://store.steampowered.com/app/513330/
Johnny Trigger: Sniper,80,$2.99,$0.59,85,49,positive,https://store.steampowered.com/app/2866120/
Paper io 2,80,$2.99,$0.59,79,91,positive,https://store.steampowered.com/app/2751310/
Boogeyman 3,80,$2.99,$0.59,73,19,positive,https://store.steampowered.com/app/2505090/
Super Jigsaw Puzzle,80,$2.99,$0.59,87,130,positive,https://store.steampowered.com/app/792650/
Metal as Phuk,80,$2.99,$0.59,95,236,positive,https://store.steampowered.com/app/662210/
Jack N' Jill DX,80,$2.99,$0.59,93,79,positive,https://store.steampowered.com/app/873560/
Awesome Pea,80,$2.99,$0.59,82,94,positive,https://store.steampowered.com/app/916950/
Awesome Pea 2,80,$2.99,$0.59,88,52,positive,https://store.steampowered.com/app/1200420/
Helix Jump,80,$2.99,$0.59,93,29,positive,https://store.steampowered.com/app/2751330/
Knight Bewitched 2,80,$2.99,$0.59,100,31,positive,https://store.steampowered.com/app/1308250/
TorqueL,80,$2.99,$0.59,87,41,positive,https://store.steampowered.com/app/250070/
TIRELESS: Prepare For The Adrenaline,80,$2.99,$0.59,84,32,positive,https://store.steampowered.com/app/959800/
Golf Guys,80,$2.99,$0.59,80,20,positive,https://store.steampowered.com/app/2751350/
Pocket Mini Golf,80,$2.99,$0.59,84,13,positive,https://store.steampowered.com/app/2631610/
Frosty Nights,80,$2.99,$0.59,71,229,positive,https://store.steampowered.com/app/733800/
Astro Miner,80,$2.99,$0.59,76,46,positive,https://store.steampowered.com/app/2751340/
Shephy,80,$2.99,$0.59,74,187,positive,https://store.steampowered.com/app/651340/
Vertical Strike Endless Challenge,80,$2.99,$0.59,76,234,positive,https://store.steampowered.com/app/313390/
Magnus Positive Phototaxis,80,$2.99,$0.59,88,34,positive,https://store.steampowered.com/app/2135970/
Infantry Attack,80,$2.99,$0.59,81,32,positive,https://store.steampowered.com/app/2791700/
Sausage Wars,80,$2.99,$0.59,85,20,positive,https://store.steampowered.com/app/2290210/
Mob Control,80,$2.99,$0.59,64,107,mixed,https://store.steampowered.com/app/2736490/
Active Neurons - Puzzle game,80,$2.99,$0.59,95,43,positive,https://store.steampowered.com/app/1168630/
Bucket Crusher,80,$2.99,$0.59,92,39,positive,https://store.steampowered.com/app/2885230/
Pocket Mini Golf 2,80,$2.99,$0.59,87,16,positive,https://store.steampowered.com/app/2285980/
Run Sausage Run!,80,$2.99,$0.59,93,29,positive,https://store.steampowered.com/app/2324300/
Bucket Knight,80,$2.99,$0.59,82,47,positive,https://store.steampowered.com/app/1077090/
Clarent Saga: Prologue,80,$2.99,$0.59,90,10,positive,https://store.steampowered.com/app/2574690/
Aquarium Land,80,$2.99,$0.59,82,23,positive,https://store.steampowered.com/app/2583540/
Light-It Up,80,$2.99,$0.59,85,21,positive,https://store.steampowered.com/app/2644820/
Active Neurons 2,80,$2.99,$0.59,93,15,positive,https://store.steampowered.com/app/1274910/
Coma HD,80,$2.99,$0.59,70,17,positive,https://store.steampowered.com/app/1317970/
Mythos: The Beginning - Director's Cut,80,$2.99,$0.59,73,52,positive,https://store.steampowered.com/app/325320/
City Climber,80,$2.99,$0.59,76,368,positive,https://store.steampowered.com/app/538840/
Evil Robot Traffic Jam HD,80,$2.99,$0.59,75,16,positive,https://store.steampowered.com/app/404390/
Awesome Pea 3,80,$2.99,$0.59,73,15,positive,https://store.steampowered.com/app/2247630/
Seeds of Resilience,80,$2.95,$0.59,66,257,mixed,https://store.steampowered.com/app/877080/
The Nom,80,$2.99,$0.59,75,29,positive,https://store.steampowered.com/app/2771320/
ASMR Slicing,80,$2.99,$0.59,75,73,positive,https://store.steampowered.com/app/2841130/
Super Jigsaw Puzzle: Cities,80,$2.99,$0.59,94,87,positive,https://store.steampowered.com/app/862110/
In Vitra - JRPG Adventure,80,$2.99,$0.59,57,35,mixed,https://store.steampowered.com/app/563270/
Mercenary Battle Company: The Reapers,80,$2.99,$0.59,50,22,mixed,https://store.steampowered.com/app/2612870/
Garshasp: The Monster Slayer,80,$2.99,$0.59,49,246,mixed,https://store.steampowered.com/app/99400/
Neurodeck : Psychological Deckbuilder,80,$2.95,$0.59,50,169,mixed,https://store.steampowered.com/app/1253860/
Hacker Evolution: Untold,80,$2.99,$0.59,64,191,mixed,https://store.steampowered.com/app/70110/
Armor Clash II,80,$2.99,$0.59,61,110,mixed,https://store.steampowered.com/app/562420/
Chained: A Victorian Nightmare,80,$2.99,$0.59,64,34,mixed,https://store.steampowered.com/app/1198700/
X-Team,80,$2.99,$0.59,55,20,mixed,https://store.steampowered.com/app/290850/
Legionwood 2: Rise of the Eternal's Realm - Director's Cut,80,$2.99,$0.59,61,21,mixed,https://store.steampowered.com/app/290460/
Whisper Trip,80,$2.99,$0.59,60,90,mixed,https://store.steampowered.com/app/1551920/
Gallic Wars: Battle Simulator,80,$2.99,$0.59,48,29,mixed,https://store.steampowered.com/app/1067760/
Honor and Duty: D-Day,80,$2.99,$0.59,41,12,mixed,https://store.steampowered.com/app/1316000/
Super Jigsaw Puzzle: Space,80,$2.99,$0.59,89,29,positive,https://store.steampowered.com/app/951700/
Super Jigsaw Puzzle: Monuments,80,$2.99,$0.59,95,41,positive,https://store.steampowered.com/app/878250/
Lazarus A.D. 2222,80,$2.99,$0.59,92,13,positive,https://store.steampowered.com/app/2451460/
InkSplosion,80,$2.99,$0.59,77,18,positive,https://store.steampowered.com/app/827450/
Knighventure,80,$2.99,$0.59,78,14,positive,https://store.steampowered.com/app/3768030/
Funeral,80,$2.99,$0.59,65,29,mixed,https://store.steampowered.com/app/2157070/
Bouncy Bob: Episode 2,80,$2.99,$0.59,63,11,mixed,https://store.steampowered.com/app/1117330/
Pixel Puzzles 4k: Japan,80,$2.99,$0.59,57,14,mixed,https://store.steampowered.com/app/1126880/
Athena Trivia,80,$2.99,$0.59,61,13,mixed,https://store.steampowered.com/app/1225660/
Toon Ocean VR,80,$2.99,$0.59,58,17,mixed,https://store.steampowered.com/app/519160/
Konbini Simulator,80,$2.99,$0.59,37,16,negative,https://store.steampowered.com/app/4041940/
Garshasp: Temple of the Dragon,80,$2.99,$0.59,29,82,negative,https://store.steampowered.com/app/99410/
Tropical Girls VR,80,$2.99,$0.59,35,31,negative,https://store.steampowered.com/app/534480/
VR Boxing Workout,80,$2.99,$0.59,27,11,negative,https://store.steampowered.com/app/494380/
Crime Shop Simulator - Grind and Shine,80,$2.99,$0.59,,,,https://store.steampowered.com/app/4200010/
Crime Shop Simulator - Stitchin' Rich,80,$2.99,$0.59,,,,https://store.steampowered.com/app/3998130/
Legendary Heroes,80,$2.99,$0.59,,,,https://store.steampowered.com/app/2000490/
Super Jigsaw Puzzle: Generations - Beaches Puzzles,80,$2.99,$0.59,,,,https://store.steampowered.com/app/1056628/
MT Force Aliens Uprising,80,$2.99,$0.59,,,,https://store.steampowered.com/app/1559190/
Struggle For Talyria,80,$2.99,$0.59,,,,https://store.steampowered.com/app/767800/
Super Jigsaw Puzzle: Generations - Motorbikes Puzzles,80,$2.99,$0.59,,,,https://store.steampowered.com/app/1076091/
Super Jigsaw Puzzle: Generations - Autumn Puzzles,80,$2.99,$0.59,,,,https://store.steampowered.com/app/1080031/
Paradise Corner,80,$2.99,$0.59,,,,https://store.steampowered.com/app/4279140/
Strangers of the Power 3,80,$2.99,$0.59,,,,https://store.steampowered.com/app/1019270/
D-Day Invasions,80,$2.99,$0.59,,,,https://store.steampowered.com/app/2818600/
Pop Some Eyes,80,$2.99,$0.59,,,,https://store.steampowered.com/app/2314950/
System Critical: The Race Against Time,80,$2.99,$0.59,,,,https://store.steampowered.com/app/1848470/
Fuzzy Flip - Matching Game,80,$2.99,$0.59,,,,https://store.steampowered.com/app/2497450/
pleXus VR,80,$2.99,$0.59,,,,https://store.steampowered.com/app/1481710/
Sprout Valley - Friends Forever,80,$2.99,$0.59,,,,https://store.steampowered.com/app/3405870/
Knowledge Keeper,80,$2.99,$0.59,,,,https://store.steampowered.com/app/3003850/
DANGER: ELECTRIC SHOCK,80,$2.99,$0.59,,,,https://store.steampowered.com/app/1723920/
Super Jigsaw Puzzle: Generations - France Puzzles,80,$2.99,$0.59,,,,https://store.steampowered.com/app/1246182/
Bubbbles,80,$2.99,$0.59,,,,https://store.steampowered.com/app/2130170/
Super Jigsaw Puzzle: Generations - Paris,80,$2.99,$0.59,,,,https://store.steampowered.com/app/2023092/
Tetsumo Party,80,$2.99,$0.59,,,,https://store.steampowered.com/app/1006120/
WakaVR,80,$2.99,$0.59,,,,https://store.steampowered.com/app/2268200/
Castle Greyrot,80,$2.99,$0.59,,,,https://store.steampowered.com/app/1622010/
STARSHIP AVENGER Operation: Take Back Earth/スターシップアベンジャー 地球奪還大作戦,80,$2.99,$0.59,,,,https://store.steampowered.com/app/879100/
Soulpath: the final journey,80,$2.99,$0.59,,,,https://store.steampowered.com/app/1380660/
Pixel Puzzles Illustrations & Anime - Jigsaw Pack: Geishas,80,$2.99,$0.59,,,,https://store.steampowered.com/app/1577789/
Tiny Company,80,$2.99,$0.59,,,,https://store.steampowered.com/app/3786150/
War in the Gulf,80,$2.99,$0.59,,,,https://store.steampowered.com/app/2021570/
Infecto,80,$2.99,$0.59,,,,https://store.steampowered.com/app/815800/
Wraithmind,80,$2.99,$0.59,,,,https://store.steampowered.com/app/739820/
Head It!: VR Soccer Heading Game,80,$2.99,$0.59,,,,https://store.steampowered.com/app/543110/
Armor Clash VR,80,$2.99,$0.59,,,,https://store.steampowered.com/app/510700/
Dice Keeper,80,$2.99,$0.59,,,,https://store.steampowered.com/app/1047020/
Super Jigsaw Puzzle: Generations - Original SJP,80,$2.99,$0.59,,,,https://store.steampowered.com/app/1051520/
Super Jigsaw Puzzle: Generations - SJP Cities Puzzles,80,$2.99,$0.59,,,,https://store.steampowered.com/app/1056620/
Super Jigsaw Puzzle: Generations - SJP Monuments Puzzles,80,$2.99,$0.59,,,,https://store.steampowered.com/app/1056621/
Super Jigsaw Puzzle: Generations - SJP Space Puzzles,80,$2.99,$0.59,,,,https://store.steampowered.com/app/1056622/
Martian Potato,80,$2.99,$0.59,,,,https://store.steampowered.com/app/1317850/
Pixel Puzzles Illustrations & Anime - Jigsaw Pack: Mechs,80,$2.99,$0.59,,,,https://store.steampowered.com/app/1577786/
Cannibal Chickens,80,$2.99,$0.59,,,,https://store.steampowered.com/app/1077390/
Super Jigsaw Puzzle: Generations - Italy Puzzles,80,$2.99,$0.59,,,,https://store.steampowered.com/app/1080030/
Super Jigsaw Puzzle: Generations - Bears Puzzles,80,$2.99,$0.59,,,,https://store.steampowered.com/app/1080032/
Super Jigsaw Puzzle: Generations - Spain Puzzles,80,$2.99,$0.59,,,,https://store.steampowered.com/app/1238210/
Nexagon: Deathmatch,80,$2.99,$0.59,,,,https://store.steampowered.com/app/1329810/
Super Jigsaw Puzzle: Generations - Mexico Puzzles,80,$2.99,$0.59,,,,https://store.steampowered.com/app/1082030/
Super Jigsaw Puzzle: Generations - Boats Puzzles,80,$2.99,$0.59,,,,https://store.steampowered.com/app/1243680/
Super Jigsaw Puzzle: Generations - Paintings Puzzles,80,$2.99,$0.59,,,,https://store.steampowered.com/app/1246183/
Super Jigsaw Puzzle: Generations - Snakes Puzzles,80,$2.99,$0.59,,,,https://store.steampowered.com/app/1246184/
Super Jigsaw Puzzle: Generations - Russia Puzzles,80,$2.99,$0.59,,,,https://store.steampowered.com/app/1246192/
Alchemy in Dungeon,80,$2.99,$0.59,,,,https://store.steampowered.com/app/3092500/
Arobynn: Sword of Adventure,80,$2.99,$0.59,,,,https://store.steampowered.com/app/3342080/
Where is Mr Cloud,80,$2.99,$0.59,,,,https://store.steampowered.com/app/2419870/
OnlyRun,80,$2.99,$0.59,,,,https://store.steampowered.com/app/2520180/
Super Jigsaw Puzzle: Generations - Paintings 2,80,$2.99,$0.59,,,,https://store.steampowered.com/app/2212542/
Warp Rush,80,$2.99,$0.59,,,,https://store.steampowered.com/app/4450710/
Rubble Rampage,80,$2.99,$0.59,,,,https://store.steampowered.com/app/4450730/
Forest Curse,80,$2.99,$0.59,,,,https://store.steampowered.com/app/4450740/
House Tidy 2,80,$2.99,$0.59,,,,https://store.steampowered.com/app/4452690/
Dice of Fate 2,80,$2.99,$0.59,,,,https://store.steampowered.com/app/4452770/
Rapid Ascent,80,$2.99,$0.59,,,,https://store.steampowered.com/app/4381820/
Distorted Signal,80,$2.99,$0.59,,,,https://store.steampowered.com/app/4301770/
FJN Blackjack Cup,80,$2.99,$0.59,,,,https://store.steampowered.com/app/3556680/
Dice of Fate,80,$2.99,$0.59,,,,https://store.steampowered.com/app/4309870/
Mind Within,80,$2.99,$0.59,,,,https://store.steampowered.com/app/3725860/
Thief’s Riddles,80,$2.99,$0.59,,,,https://store.steampowered.com/app/3716670/
The Royal Rebel Casino,80,$2.99,$0.59,,,,https://store.steampowered.com/app/3508030/
Underhero,80,$3.19,$0.63,91,691,positive,https://store.steampowered.com/app/573320/
Dungeon Rushers,80,$3.19,$0.63,63,793,mixed,https://store.steampowered.com/app/429620/
Robothorium,80,$3.19,$0.63,65,249,mixed,https://store.steampowered.com/app/657090/
Marlow Briggs and the Mask of Death,80,$3.29,$0.65,90,1924,positive,https://store.steampowered.com/app/249680/
Hands of Necromancy,80,$3.29,$0.65,86,347,positive,https://store.steampowered.com/app/1898610/
Sinheritance,80,$3.29,$0.65,94,54,positive,https://store.steampowered.com/app/4736640/
Nobunaga's Shadow,80,$3.29,$0.65,84,19,positive,https://store.steampowered.com/app/868930/
Noun Town: Learn & Chill,80,$3.29,$0.65,,,,https://store.steampowered.com/app/4809790/
The Thrill Of The Fight 2 - Puma Original Special Edition Red Gloves,80,$3.29,$0.65,,,,https://store.steampowered.com/app/4885220/
The Thrill Of The Fight 2 - Puma Original Special Edition Black Gloves,80,$3.29,$0.65,,,,https://store.steampowered.com/app/4933090/
The Thrill Of The Fight 2 - Puma Original Red Gloves,80,$3.29,$0.65,,,,https://store.steampowered.com/app/4933050/
The Thrill Of The Fight 2 - Puma Original Black Gloves,80,$3.29,$0.65,,,,https://store.steampowered.com/app/4933010/
Food Store Simulator,80,$3.29,$0.65,,,,https://store.steampowered.com/app/4289260/
Super Box Land Demake,80,$3.29,$0.65,,,,https://store.steampowered.com/app/1373750/
Super Wiloo Demake,80,$3.29,$0.65,,,,https://store.steampowered.com/app/1373760/
Worm in horror place,80,$3.29,$0.65,,,,https://store.steampowered.com/app/4386270/
Pixel Puzzles Traditional Jigsaws Pack: Forests,80,$3.39,$0.67,,,,https://store.steampowered.com/app/1176229/
Pixel Puzzles Traditional Jigsaws Pack: Native American,80,$3.39,$0.67,,,,https://store.steampowered.com/app/1176226/
911 Operator - Every Life Matters,80,$3.49,$0.69,83,142,positive,https://store.steampowered.com/app/580731/
Lovely Planet,80,$3.49,$0.69,92,1385,positive,https://store.steampowered.com/app/298600/
ARRIVAL: ZERO EARTH,80,$3.49,$0.69,80,154,positive,https://store.steampowered.com/app/1613580/
Panic In The Woods,80,$3.49,$0.69,68,114,mixed,https://store.steampowered.com/app/3036880/
Vetrix,80,$3.49,$0.69,97,34,positive,https://store.steampowered.com/app/1307070/
Lovely Planet Arcade,80,$3.49,$0.69,79,86,positive,https://store.steampowered.com/app/436000/
MEMENTO,80,$3.49,$0.69,78,79,positive,https://store.steampowered.com/app/437030/
Iron Warriors: T-72 Tank Command,80,$3.49,$0.69,65,268,mixed,https://store.steampowered.com/app/1670/
Heroes of Legionwood,80,$3.49,$0.69,75,32,positive,https://store.steampowered.com/app/278590/
Neptunia Virtual Stars - Kizuna AI (Character & Story),80,$3.49,$0.69,70,10,positive,https://store.steampowered.com/app/1472860/
Gunslingers & Zombies,80,$3.49,$0.69,73,26,positive,https://store.steampowered.com/app/1059740/
Funfair Ride Simulator 3,80,$3.49,$0.69,62,82,mixed,https://store.steampowered.com/app/497720/
Third Wild,80,$3.49,$0.69,52,17,mixed,https://store.steampowered.com/app/2074040/
Qube Qross,80,$3.49,$0.69,55,18,mixed,https://store.steampowered.com/app/1301580/
Nightfall Secrets,80,$3.49,$0.69,16,18,negative,https://store.steampowered.com/app/3356970/
Transport INC - Seamanship,80,$3.49,$0.69,,,,https://store.steampowered.com/app/1826600/
4x4 Dream Race,80,$3.49,$0.69,25,36,negative,https://store.steampowered.com/app/313330/
Sandbox:God Simulator,80,$3.49,$0.69,,,,https://store.steampowered.com/app/2361370/
Jigsaw Puzzle Pack - Pixel Puzzles Ultimate: Custom Cars,80,$3.49,$0.69,,,,https://store.steampowered.com/app/1952646/
Heroes of Legionwood - Episode 2,80,$3.49,$0.69,,,,https://store.steampowered.com/app/445710/
Heroes of Legionwood - Episode 3,80,$3.49,$0.69,,,,https://store.steampowered.com/app/680160/
The Flight Of Dowran,80,$3.49,$0.69,,,,https://store.steampowered.com/app/717040/
Through Space,80,$3.49,$0.69,,,,https://store.steampowered.com/app/4246050/
Funfair Ride Simulator 3 - Ride Pack 1,80,$3.49,$0.69,,,,https://store.steampowered.com/app/498410/
Funfair Ride Simulator 3 - Ride Pack 2,80,$3.49,$0.69,,,,https://store.steampowered.com/app/499570/
Funfair Ride Simulator 3 - Ride Pack 3,80,$3.49,$0.69,,,,https://store.steampowered.com/app/499571/
Funfair Ride Simulator 3 - Ride Pack 4,80,$3.49,$0.69,,,,https://store.steampowered.com/app/499572/
Funfair Ride Simulator 3 - Ride Pack 5,80,$3.49,$0.69,,,,https://store.steampowered.com/app/499573/
Funfair Ride Simulator 3 - Ride Pack 6,80,$3.49,$0.69,,,,https://store.steampowered.com/app/499670/
Dance Assembly,80,$3.49,$0.69,,,,https://store.steampowered.com/app/1639180/
Inhibit,80,$3.49,$0.69,,,,https://store.steampowered.com/app/2578950/
Pixel Puzzles Illustrations & Anime - Jigsaw Pack: Microorganisms,80,$3.49,$0.69,,,,https://store.steampowered.com/app/1577790/
Edolie Strategy Guide,80,$3.49,$0.69,,,,https://store.steampowered.com/app/353060/
Driver Night Trip,80,$3.49,$0.69,,,,https://store.steampowered.com/app/4232770/
Goblin Dish,80,$3.49,$0.69,,,,https://store.steampowered.com/app/4244780/
Tense Parking,80,$3.49,$0.69,,,,https://store.steampowered.com/app/4381840/
Infected Swarm,80,$3.49,$0.69,,,,https://store.steampowered.com/app/4301710/
Bloody Good Time,80,$3.69,$0.73,79,930,positive,https://store.steampowered.com/app/2450/
Far Cry® 4 – Overrun,80,$3.69,$0.73,41,92,mixed,https://store.steampowered.com/app/324343/
Trials Fusion - Fire in the Deep,80,$3.69,$0.73,,,,https://store.steampowered.com/app/337750/
Trials Fusion - Fault One Zero,80,$3.69,$0.73,,,,https://store.steampowered.com/app/337740/
Trials Fusion - Welcome to the Abyss,80,$3.69,$0.73,,,,https://store.steampowered.com/app/326170/
Trials Fusion - Riders of the Rustlands,80,$3.69,$0.73,,,,https://store.steampowered.com/app/311550/
Trials Fusion - After the Incident,80,$3.69,$0.73,,,,https://store.steampowered.com/app/355770/
Trials Fusion - Empire of the Sky,80,$3.69,$0.73,,,,https://store.steampowered.com/app/311551/
Iris and the Giant,80,$3.79,$0.75,87,698,positive,https://store.steampowered.com/app/1127610/
Defend the Rook,80,$3.79,$0.75,73,189,positive,https://store.steampowered.com/app/1531250/
A Long Way Down,80,$3.79,$0.75,57,117,mixed,https://store.steampowered.com/app/856990/
Crypt of the NecroDancer: AMPLIFIED,80,$3.99,$0.79,96,358,positive,https://store.steampowered.com/app/554000/
Hero of the Kingdom: The Lost Tales 3,80,$3.99,$0.79,91,477,positive,https://store.steampowered.com/app/3340810/
nail'd,80,$3.99,$0.79,80,1088,positive,https://store.steampowered.com/app/40380/
112 Operator - The Last Duty,80,$3.99,$0.79,79,260,positive,https://store.steampowered.com/app/1570180/
Artifact Adventure,80,$3.99,$0.79,72,169,positive,https://store.steampowered.com/app/359440/
112 Operator - Water Operations,80,$3.99,$0.79,50,73,mixed,https://store.steampowered.com/app/1412760/
112 Operator - Pandemic Outbreak,80,$3.99,$0.79,63,60,mixed,https://store.steampowered.com/app/1412761/
Havsala: Into the Soul Palace,80,$3.99,$0.79,91,608,positive,https://store.steampowered.com/app/1732750/
Sanator: Scarlet Scarf,80,$3.99,$0.79,89,500,positive,https://store.steampowered.com/app/650330/
Pirate Hunter,80,$3.99,$0.79,87,80,positive,https://store.steampowered.com/app/3061910/
Visionarium,80,$3.99,$0.79,85,70,positive,https://store.steampowered.com/app/928300/
Fearless Fantasy,80,$3.99,$0.79,88,112,positive,https://store.steampowered.com/app/282100/
Verlet Ascend,80,$3.99,$0.79,89,74,positive,https://store.steampowered.com/app/2113120/
Shogunaria,80,$3.99,$0.79,81,27,positive,https://store.steampowered.com/app/2070540/
Fields of Glory,80,$3.99,$0.79,81,16,positive,https://store.steampowered.com/app/1237800/
Medieval Battlefields,80,$3.99,$0.79,78,14,positive,https://store.steampowered.com/app/459040/
Hello Neighbor's Favorite Songs,80,$3.99,$0.79,63,80,mixed,https://store.steampowered.com/app/767890/
Painkiller Overdose,80,$3.99,$0.79,69,949,mixed,https://store.steampowered.com/app/3270/
Infinity Runner,80,$3.99,$0.79,72,93,positive,https://store.steampowered.com/app/279920/
Time Gate: Knight's Chase,80,$3.99,$0.79,78,14,positive,https://store.steampowered.com/app/781280/
World War II GI,80,$3.99,$0.79,44,70,mixed,https://store.steampowered.com/app/376750/
The Brothers Hotel,80,$3.99,$0.79,67,28,mixed,https://store.steampowered.com/app/3443410/
Blue Light,80,$3.99,$0.79,62,43,mixed,https://store.steampowered.com/app/3216430/
Ultimate Summer,80,$3.99,$0.79,95,23,positive,https://store.steampowered.com/app/664460/
Animal Rivals,80,$3.99,$0.79,52,34,mixed,https://store.steampowered.com/app/617420/
The Flying Dutchman,80,$3.99,$0.79,3,33,negative,https://store.steampowered.com/app/321600/
Faeria - Puzzle Pack Elements,80,$3.99,$0.79,,,,https://store.steampowered.com/app/947950/
Plancon: Space Conflict,80,$3.99,$0.79,34,76,negative,https://store.steampowered.com/app/461940/
Active Neurons - New 7 Wonders Of The World,80,$3.99,$0.79,,,,https://store.steampowered.com/app/1422720/
Pixel Puzzles Traditional Jigsaws Pack: Chihuahuas,80,$3.99,$0.79,,,,https://store.steampowered.com/app/1176217/
Viper,80,$3.99,$0.79,,,,https://store.steampowered.com/app/1140530/
The Lost City Of Malathedra,80,$3.99,$0.79,,,,https://store.steampowered.com/app/354690/
FLASHOUT 3: Ignitation,80,$3.99,$0.79,,,,https://store.steampowered.com/app/2175730/
Fast Break,80,$3.99,$0.79,,,,https://store.steampowered.com/app/1544730/
Homaysa,80,$3.99,$0.79,,,,https://store.steampowered.com/app/2170860/
クウルウ見聞録,80,$3.99,$0.79,,,,https://store.steampowered.com/app/2552570/
Bionic Hunter VR,80,$3.99,$0.79,,,,https://store.steampowered.com/app/1204880/
Crimzon Clover WORLD IGNITION - Superplay Strategy Guide,80,$3.99,$0.79,,,,https://store.steampowered.com/app/326310/
Fragments of Us,80,$3.99,$0.79,,,,https://store.steampowered.com/app/3609140/
Play a game with me,80,$3.99,$0.79,,,,https://store.steampowered.com/app/3908440/
Grimwatch: Mutation Protocol,80,$4.04,$0.80,100,11,positive,https://store.steampowered.com/app/4586320/
Trials® Rising Sixty-Six,80,$4.39,$0.87,,,,https://store.steampowered.com/app/924183/
Let Them Come,80,$4.49,$0.89,84,1084,positive,https://store.steampowered.com/app/505630/
911 Operator - Search & Rescue,80,$4.49,$0.89,83,89,positive,https://store.steampowered.com/app/606971/
Moving Out - Movers in Paradise,80,$4.49,$0.89,91,34,positive,https://store.steampowered.com/app/1464740/
PewDiePie: Legend of the Brofist,80,$4.49,$0.89,91,1346,positive,https://store.steampowered.com/app/390520/
Mortal Glory,80,$4.49,$0.89,86,553,positive,https://store.steampowered.com/app/1097530/
Heart of Eternity,80,$4.49,$0.89,72,18,positive,https://store.steampowered.com/app/3863600/
City Legends: Trapped In Mirror Collector's Edition,80,$4.49,$0.89,86,22,positive,https://store.steampowered.com/app/2101330/
The Tenth Line,80,$4.49,$0.89,83,135,positive,https://store.steampowered.com/app/575940/
Unsolved Case: Murderous Script Collector's Edition,80,$4.49,$0.89,76,21,positive,https://store.steampowered.com/app/2353870/
Whisper of Y'Ryando,80,$4.49,$0.89,70,89,positive,https://store.steampowered.com/app/3255870/
4 The Elements,80,$4.49,$0.89,42,14,mixed,https://store.steampowered.com/app/2081090/
Deadstone,80,$4.49,$0.89,76,52,positive,https://store.steampowered.com/app/327150/
S. Prysm Destroyer,80,$4.49,$0.89,76,13,positive,https://store.steampowered.com/app/2975480/
Jacob's Quest Anniversary Edition,80,$4.49,$0.89,41,24,mixed,https://store.steampowered.com/app/1981700/
Social Justice Warriors,80,$4.49,$0.89,50,100,mixed,https://store.steampowered.com/app/348270/
2024 U.S. Election Simulator,80,$4.49,$0.89,55,18,mixed,https://store.steampowered.com/app/2542440/
Royal Romances: Forbidden Magic Collector's Edition,80,$4.49,$0.89,,,,https://store.steampowered.com/app/2320220/
Hidden Object Secrets: Family Revenge Collector's Edition,80,$4.49,$0.89,,,,https://store.steampowered.com/app/2690810/
DIY Fashion Star,80,$4.49,$0.89,,,,https://store.steampowered.com/app/2876240/
Crossroad of Worlds: Cursed Letters Collector's Edition,80,$4.49,$0.89,,,,https://store.steampowered.com/app/2500240/
Jigsaw Puzzle Pack - Pixel Puzzles Ultimate: Halloween 5,80,$4.49,$0.89,,,,https://store.steampowered.com/app/1952650/
Jigsaw Puzzle Pack - Pixel Puzzles Ultimate: Civil Unrest,80,$4.49,$0.89,,,,https://store.steampowered.com/app/1952652/
Shoot the Robots VR,80,$4.49,$0.89,,,,https://store.steampowered.com/app/2699100/
The Way Of Love: Sub Zero,80,$4.49,$0.89,,,,https://store.steampowered.com/app/461590/
Victorian Admirals: Marianas Incident 1887,80,$4.49,$0.89,,,,https://store.steampowered.com/app/1258640/
Ankh Guardian - Treasure of the Demon's Temple/ゴッド・オブ・ウォール 魔宮の秘宝,80,$4.49,$0.89,,,,https://store.steampowered.com/app/975160/
Roseblight,80,$4.49,$0.89,,,,https://store.steampowered.com/app/1728080/
amazin' George 2 Digital Deluxe,80,$4.49,$0.89,,,,https://store.steampowered.com/app/1870210/
Weeks Till Winter,80,$4.49,$0.89,,,,https://store.steampowered.com/app/3262560/
99 Waves to Die,80,$4.50,$0.90,78,129,positive,https://store.steampowered.com/app/360600/
Petz® Horsez® 2,80,$4.69,$0.93,75,176,positive,https://store.steampowered.com/app/15160/
Splatter - Zombiecalypse Now,80,$4.79,$0.95,86,682,positive,https://store.steampowered.com/app/281920/
FlatOut,80,$4.99,$0.99,90,1643,positive,https://store.steampowered.com/app/6220/
Path of Giants,80,$4.99,$0.99,97,410,positive,https://store.steampowered.com/app/1181400/
UberSoldier II,80,$4.99,$0.99,77,546,positive,https://store.steampowered.com/app/281410/
NEO AQUARIUM - The King of Crustaceans -,80,$4.99,$0.99,80,252,positive,https://store.steampowered.com/app/355240/
Umihara Kawase,80,$4.99,$0.99,92,218,positive,https://store.steampowered.com/app/384690/
Aveyond 3-4: The Darkthrop Prophecy,80,$4.99,$0.99,86,38,positive,https://store.steampowered.com/app/321890/
Darkstar One,80,$4.99,$0.99,83,592,positive,https://store.steampowered.com/app/12330/
Aveyond 3-2: Gates of Night,80,$4.99,$0.99,86,37,positive,https://store.steampowered.com/app/278490/
Afterinfection,80,$4.99,$0.99,56,464,mixed,https://store.steampowered.com/app/1341210/
Aveyond 3-3: The Lost Orb,80,$4.99,$0.99,74,35,positive,https://store.steampowered.com/app/321880/
Eternal Destiny,80,$4.99,$0.99,78,225,positive,https://store.steampowered.com/app/377880/
Chess of Mana,80,$4.99,$0.99,88,18,positive,https://store.steampowered.com/app/3778350/
Aveyond 3-1: Lord of Twilight,80,$4.99,$0.99,79,102,positive,https://store.steampowered.com/app/272010/
Dig Deep,80,$4.99,$0.99,66,133,mixed,https://store.steampowered.com/app/2361780/
AMAZE!,80,$4.99,$0.99,88,34,positive,https://store.steampowered.com/app/2348810/
Edolie,80,$4.99,$0.99,80,25,positive,https://store.steampowered.com/app/349240/
Takedown: Red Sabre,80,$4.99,$0.99,36,1915,negative,https://store.steampowered.com/app/236510/
ESPER,80,$4.99,$0.99,86,15,positive,https://store.steampowered.com/app/792340/
Lexica,80,$4.99,$0.99,79,209,positive,https://store.steampowered.com/app/306680/
Princess Isabella,80,$4.99,$0.99,79,139,positive,https://store.steampowered.com/app/292660/
CRIMSON ROOM® DECADE,80,$4.99,$0.99,54,55,mixed,https://store.steampowered.com/app/262510/
3D Custom Lady Maker,80,$4.99,$0.99,65,269,mixed,https://store.steampowered.com/app/985760/
Haegemonia: Legions of Iron,80,$4.99,$0.99,67,70,mixed,https://store.steampowered.com/app/294770/
Dungeons and Robots,80,$4.99,$0.99,40,135,mixed,https://store.steampowered.com/app/386650/
Haegemonia: The Solon Heritage,80,$4.99,$0.99,66,99,mixed,https://store.steampowered.com/app/294790/
Axial Disc 2,80,$4.99,$0.99,100,12,positive,https://store.steampowered.com/app/1956680/
Dreamscape,80,$4.99,$0.99,76,26,positive,https://store.steampowered.com/app/271990/
Space Cows,80,$4.99,$0.99,71,21,positive,https://store.steampowered.com/app/933160/
Surrounded,80,$4.99,$0.99,39,445,negative,https://store.steampowered.com/app/1813170/
Hazen: The Dark Whispers,80,$4.99,$0.99,21,51,negative,https://store.steampowered.com/app/46730/
Spirit of Adventure,80,$4.99,$0.99,,,,https://store.steampowered.com/app/1260920/
Holiday in Europe: Wonders of Germany Collector's Edition,80,$4.99,$0.99,,,,https://store.steampowered.com/app/3350040/
Relaxing Time Italy Tour Collector's Edition,80,$4.99,$0.99,,,,https://store.steampowered.com/app/3100010/
Press Lex to Metaverx,80,$4.99,$0.99,,,,https://store.steampowered.com/app/2091740/
The Tainted,80,$4.99,$0.99,,,,https://store.steampowered.com/app/1765470/
Jigsaw Puzzle Pack - Pixel Puzzles Ultimate Germany 2,80,$4.99,$0.99,,,,https://store.steampowered.com/app/1952654/
Destroyer,80,$4.99,$0.99,,,,https://store.steampowered.com/app/528020/
Music From Binaries,80,$4.99,$0.99,,,,https://store.steampowered.com/app/455670/
Pixel Puzzles Traditional Jigsaws Pack: Korea,80,$4.99,$0.99,,,,https://store.steampowered.com/app/1176228/
Super Retro Retry,80,$4.95,$0.99,,,,https://store.steampowered.com/app/2648560/
Winter Stealth,80,$5.00,$1.00,81,11,positive,https://store.steampowered.com/app/2387020/
Infested Lands,80,$5.00,$1.00,75,12,positive,https://store.steampowered.com/app/2387010/
BRAVE ADVENTURER,80,$5.00,$1.00,70,10,positive,https://store.steampowered.com/app/2387030/
Robots - Invaders,80,$5.00,$1.00,61,18,mixed,https://store.steampowered.com/app/2313990/
Floodland Stories and Art,80,$5.00,$1.00,,,,https://store.steampowered.com/app/2218180/
Graveyard Keeper - Stranger Sins,80,$5.49,$1.09,80,424,positive,https://store.steampowered.com/app/1163770/
Graveyard Keeper - Better Save Soul,80,$5.49,$1.09,48,396,mixed,https://store.steampowered.com/app/1788370/
Graveyard Keeper - Game Of Crone,80,$5.49,$1.09,67,464,mixed,https://store.steampowered.com/app/1430990/
Chivalry 2 - King's Edition Content,80,$5.49,$1.09,80,128,positive,https://store.steampowered.com/app/2140440/
Chivalry 2 - Special Edition Content,80,$5.49,$1.09,56,314,mixed,https://store.steampowered.com/app/1998240/
FlatOut 2,80,$5.49,$1.09,94,4475,positive,https://store.steampowered.com/app/2990/
Party Hard,80,$5.49,$1.09,85,3244,positive,https://store.steampowered.com/app/356570/
Punch Club,80,$5.49,$1.09,72,3593,positive,https://store.steampowered.com/app/394310/
Momodora: Reverie Under The Moonlight,80,$5.49,$1.09,92,4174,positive,https://store.steampowered.com/app/428550/
Shadow Warrior Classic Redux,80,$5.49,$1.09,88,1892,positive,https://store.steampowered.com/app/225160/
VASARA Collection,80,$5.49,$1.09,80,122,positive,https://store.steampowered.com/app/1085630/
Manual Samuel - Last Tuesday Edition,80,$5.49,$1.09,85,1523,positive,https://store.steampowered.com/app/504130/
Aquarium Designer,80,$5.49,$1.09,84,1086,positive,https://store.steampowered.com/app/1339000/
BUTCHER,80,$5.49,$1.09,89,1046,positive,https://store.steampowered.com/app/474210/
Turbo Golf Racing,80,$5.49,$1.09,85,636,positive,https://store.steampowered.com/app/1324350/
SiN Episodes: Emergence,80,$5.49,$1.09,88,1122,positive,https://store.steampowered.com/app/1300/
Pathologic 2: Marble Nest,80,$5.49,$1.09,88,197,positive,https://store.steampowered.com/app/1141960/
Dragon Throne: Battle of Red Cliffs,80,$5.49,$1.09,84,251,positive,https://store.steampowered.com/app/2633500/
Mitsurugi Kamui Hikae,80,$5.49,$1.09,80,1157,positive,https://store.steampowered.com/app/263620/
She and the Light Bearer,80,$5.49,$1.09,84,303,positive,https://store.steampowered.com/app/658590/
High Hell,80,$5.49,$1.09,86,1412,positive,https://store.steampowered.com/app/673000/
Shadow Blade: Reload,80,$5.49,$1.09,86,204,positive,https://store.steampowered.com/app/272330/
Mokoko X,80,$5.49,$1.09,88,113,positive,https://store.steampowered.com/app/1785000/
Dwarf Journey,80,$5.49,$1.09,92,323,positive,https://store.steampowered.com/app/1501410/
Prince of Qin,80,$5.49,$1.09,86,96,positive,https://store.steampowered.com/app/1717410/
Dance of Cards,80,$5.49,$1.09,88,93,positive,https://store.steampowered.com/app/1797630/
Artifact Adventure Gaiden,80,$5.49,$1.09,82,52,positive,https://store.steampowered.com/app/675490/
Armikrog,80,$5.49,$1.09,62,1183,mixed,https://store.steampowered.com/app/334120/
Heroes of Steel RPG,80,$5.49,$1.09,77,223,positive,https://store.steampowered.com/app/291190/
Hellpoint: Blue Sun,80,$5.49,$1.09,64,82,mixed,https://store.steampowered.com/app/1525260/
Lovely Planet 2: April Skies,80,$5.49,$1.09,90,110,positive,https://store.steampowered.com/app/1019590/
Pathfinder Adventures,80,$5.49,$1.09,67,673,mixed,https://store.steampowered.com/app/480640/
REVOLVER360 RE:ACTOR,80,$5.49,$1.09,93,294,positive,https://store.steampowered.com/app/313400/
Cactus Cowboy - Desert Warfare,80,$5.49,$1.09,96,27,positive,https://store.steampowered.com/app/2554800/
And All Would Cry Beware!,80,$5.49,$1.09,85,101,positive,https://store.steampowered.com/app/1071510/
Forget Me Not: My Organic Garden,80,$5.49,$1.09,84,411,positive,https://store.steampowered.com/app/363980/
Yaga - Roots of Evil,80,$5.49,$1.09,90,10,positive,https://store.steampowered.com/app/1462090/
Ingression,80,$5.49,$1.09,87,70,positive,https://store.steampowered.com/app/1966970/
Music from SteamWorld Heist - Steam Powered Giraffe,80,$5.49,$1.09,100,18,positive,https://store.steampowered.com/app/490320/
Rosenkreuzstilette,80,$5.49,$1.09,78,415,positive,https://store.steampowered.com/app/564150/
Venture Kid,80,$5.49,$1.09,84,197,positive,https://store.steampowered.com/app/437690/
Tsuro - The Game of The Path - VR Edition,80,$5.49,$1.09,90,10,positive,https://store.steampowered.com/app/1111960/
Not The Robots,80,$5.49,$1.09,80,292,positive,https://store.steampowered.com/app/257120/
Silent Rain,80,$5.49,$1.09,69,175,mixed,https://store.steampowered.com/app/1791910/
FootLOL: Epic Soccer League,80,$5.49,$1.09,82,680,positive,https://store.steampowered.com/app/263740/
BE-A Walker,80,$5.49,$1.09,72,651,positive,https://store.steampowered.com/app/864160/
Gunborg: Dark Matters,80,$5.49,$1.09,92,42,positive,https://store.steampowered.com/app/1529160/
The Outforce,80,$5.49,$1.09,85,21,positive,https://store.steampowered.com/app/2633480/
Strategy & Tactics: Wargame Collection,80,$5.49,$1.09,70,227,positive,https://store.steampowered.com/app/338130/
Dungelot: Shattered Lands,80,$5.49,$1.09,70,280,positive,https://store.steampowered.com/app/403940/
Seal of Evil,80,$5.49,$1.09,77,40,positive,https://store.steampowered.com/app/1726410/
The Lab - Escape Room,80,$5.49,$1.09,79,48,positive,https://store.steampowered.com/app/1960930/
Crash Puzzle Hammer-San,80,$5.49,$1.09,100,13,positive,https://store.steampowered.com/app/3094270/
Mental Hospital VR,80,$5.49,$1.09,70,60,positive,https://store.steampowered.com/app/1530860/
Ironclads 2: Boshin War,80,$5.49,$1.09,89,19,positive,https://store.steampowered.com/app/602860/
How To Survive: Third Person Standalone,80,$5.49,$1.09,56,1134,mixed,https://store.steampowered.com/app/360150/
Chaos Sector 混沌宙域,80,$5.49,$1.09,79,82,positive,https://store.steampowered.com/app/943810/
Line of Sight: Vietnam,80,$5.49,$1.09,73,104,positive,https://store.steampowered.com/app/514150/
XenoShyft,80,$5.49,$1.09,66,126,mixed,https://store.steampowered.com/app/429390/
CRAZY GUY,80,$5.49,$1.09,90,10,positive,https://store.steampowered.com/app/2313950/
Ironclads 2: Caroline Islands War 1885,80,$5.49,$1.09,84,19,positive,https://store.steampowered.com/app/647840/
Queendoom,80,$5.49,$1.09,90,22,positive,https://store.steampowered.com/app/540410/
New York Bus Simulator,80,$5.49,$1.09,49,99,mixed,https://store.steampowered.com/app/283580/
Clarent Saga: Chronicles,80,$5.49,$1.09,91,12,positive,https://store.steampowered.com/app/1848330/
VRkanoid - Brick Breaking Game,80,$5.49,$1.09,90,11,positive,https://store.steampowered.com/app/1830980/
Dungeons & Darkness,80,$5.49,$1.09,70,115,positive,https://store.steampowered.com/app/479990/
Ironclads 2: American Civil War,80,$5.49,$1.09,70,47,positive,https://store.steampowered.com/app/414260/
Magical Battle Festa,80,$5.49,$1.09,68,264,mixed,https://store.steampowered.com/app/292480/
Tiny Brains,80,$5.49,$1.09,78,397,positive,https://store.steampowered.com/app/253690/
Garden Tale,80,$5.49,$1.09,56,16,mixed,https://store.steampowered.com/app/614530/
Natural Instincts: European Forest,80,$5.49,$1.09,43,271,mixed,https://store.steampowered.com/app/1168610/
Skautfold: Knight's End,80,$5.49,$1.09,76,26,positive,https://store.steampowered.com/app/1778830/
Speedy Gun Savage,80,$5.49,$1.09,69,23,mixed,https://store.steampowered.com/app/1530370/
Our Lovely Escape,80,$5.49,$1.09,65,61,mixed,https://store.steampowered.com/app/970400/
Draw Rider,80,$5.49,$1.09,70,130,positive,https://store.steampowered.com/app/448610/
PRINCIPIA: Master of Science,80,$5.49,$1.09,69,302,mixed,https://store.steampowered.com/app/491470/
Gotcha Racing 2nd,80,$5.49,$1.09,66,33,mixed,https://store.steampowered.com/app/848960/
Artificer: Science of Magic,80,$5.49,$1.09,60,80,mixed,https://store.steampowered.com/app/658830/
Inner Voices,80,$5.49,$1.09,53,71,mixed,https://store.steampowered.com/app/559130/
Star Traders: 4X Empires,80,$5.49,$1.09,60,61,mixed,https://store.steampowered.com/app/334270/
Quarantine,80,$5.49,$1.09,60,326,mixed,https://store.steampowered.com/app/489370/
Stage Presence,80,$5.49,$1.09,61,31,mixed,https://store.steampowered.com/app/391640/
Zombie Pirates,80,$5.49,$1.09,66,39,mixed,https://store.steampowered.com/app/46850/
Ironclads 2: War of the Pacific,80,$5.49,$1.09,65,40,mixed,https://store.steampowered.com/app/549400/
Space Empires: Starfury,80,$5.49,$1.09,63,19,mixed,https://store.steampowered.com/app/1380260/
Hacker's Beat,80,$5.49,$1.09,50,57,mixed,https://store.steampowered.com/app/363650/
Woeful Woebots,80,$5.49,$1.09,64,14,mixed,https://store.steampowered.com/app/450630/
Cyber Protocol,80,$5.49,$1.09,96,27,positive,https://store.steampowered.com/app/1285010/
Dark rune,80,$5.49,$1.09,91,12,positive,https://store.steampowered.com/app/2313960/
Kargast,80,$5.49,$1.09,76,13,positive,https://store.steampowered.com/app/1332730/
Station 99,80,$5.49,$1.09,70,10,positive,https://store.steampowered.com/app/2313980/
Escape Legacy VR,80,$5.49,$1.09,69,26,mixed,https://store.steampowered.com/app/995000/
FlatOut 3: Chaos & Destruction,80,$5.49,$1.09,18,1368,negative,https://store.steampowered.com/app/201510/
Extinction Rifts,80,$5.49,$1.09,,,,https://store.steampowered.com/app/2923200/
Autobahn Police Simulator,80,$5.49,$1.09,35,493,negative,https://store.steampowered.com/app/348510/
Victorian Admirals,80,$5.49,$1.09,21,38,negative,https://store.steampowered.com/app/275310/
Ironclads: Anglo Russian War 1866,80,$5.49,$1.09,33,24,negative,https://store.steampowered.com/app/46830/
Ironclads: American Civil War,80,$5.49,$1.09,25,32,negative,https://store.steampowered.com/app/46700/
Brisk Square,80,$5.49,$1.09,,,,https://store.steampowered.com/app/2167660/
Jigsaw Puzzle Pack - Pixel Puzzles Ultimate: Variety Pack 22,80,$5.49,$1.09,,,,https://store.steampowered.com/app/1952648/
Exosky,80,$5.49,$1.09,,,,https://store.steampowered.com/app/2795160/
A meeting of dreams,80,$5.49,$1.09,,,,https://store.steampowered.com/app/2179560/
Yooka-Laylee and the Kracklestone - Graphic Novel,80,$5.49,$1.09,,,,https://store.steampowered.com/app/1169810/
Jigsaw Puzzle Pack - Pixel Puzzles Ultimate: Sorcery,80,$5.49,$1.09,,,,https://store.steampowered.com/app/3059930/
Victorian Admirals: Caroline Crisis 1885,80,$5.49,$1.09,,,,https://store.steampowered.com/app/1179390/
Victorian Admirals: Samoan Crisis 1889,80,$5.49,$1.09,,,,https://store.steampowered.com/app/1259340/
Ericanskinsmonsters,80,$5.49,$1.09,,,,https://store.steampowered.com/app/2676190/
RC Airplane Challenge,80,$5.49,$1.09,,,,https://store.steampowered.com/app/1516610/
Pixel Puzzles Traditional Jigsaws Pack: Geodes,80,$5.49,$1.09,,,,https://store.steampowered.com/app/1176227/
Pixel Puzzles Traditional Jigsaws Pack: Boats,80,$5.49,$1.09,,,,https://store.steampowered.com/app/1176221/
Victorian Admirals: Panama Crisis 1885,80,$5.49,$1.09,,,,https://store.steampowered.com/app/1259290/
Ironclads: Chincha Islands War 1866,80,$5.49,$1.09,,,,https://store.steampowered.com/app/46840/
Hellfire Rampage VR,80,$5.49,$1.09,,,,https://store.steampowered.com/app/3010140/
Pixel Puzzles Illustrations & Anime - Jigsaw Pack: Thai Paintings,80,$5.49,$1.09,,,,https://store.steampowered.com/app/1577791/
In His Time,80,$5.79,$1.15,85,56,positive,https://store.steampowered.com/app/2361610/
Mystery of Myths: Mystery of the Fjords Collector's Edition,80,$5.79,$1.15,,,,https://store.steampowered.com/app/3687320/
Mysterious warrior,80,$5.89,$1.17,90,11,positive,https://store.steampowered.com/app/1729150/
Slaughter Cannon,80,$5.89,$1.17,88,17,positive,https://store.steampowered.com/app/1852840/
Prototype Blocks,80,$5.89,$1.17,92,14,positive,https://store.steampowered.com/app/1793120/
Dungeon Death,80,$5.89,$1.17,80,10,positive,https://store.steampowered.com/app/1827760/
Throne of Fate,80,$5.89,$1.17,87,16,positive,https://store.steampowered.com/app/1403190/
Slaughter Cannon 2,80,$5.89,$1.17,84,13,positive,https://store.steampowered.com/app/1988430/
Way of the Wizard,80,$5.89,$1.17,73,15,positive,https://store.steampowered.com/app/2222190/
Space Turbo,80,$5.89,$1.17,70,10,positive,https://store.steampowered.com/app/1992260/
Deadly Threat,80,$5.89,$1.17,59,22,mixed,https://store.steampowered.com/app/1599510/
Little adventure,80,$5.89,$1.17,54,35,mixed,https://store.steampowered.com/app/1599530/
Little adventure 2,80,$5.89,$1.17,62,24,mixed,https://store.steampowered.com/app/1691290/
Disaster,80,$5.89,$1.17,62,16,mixed,https://store.steampowered.com/app/1852990/
The story of archer,80,$5.89,$1.17,61,13,mixed,https://store.steampowered.com/app/1789660/
Road Trip,80,$5.89,$1.17,43,23,mixed,https://store.steampowered.com/app/1998390/
SRPG Studio Snow Background,80,$5.89,$1.17,,,,https://store.steampowered.com/app/863930/
SRPG Studio JRPG Background,80,$5.89,$1.17,,,,https://store.steampowered.com/app/2296930/
SRPG Studio JRPG Background Vol2,80,$5.89,$1.17,,,,https://store.steampowered.com/app/3706520/
Jigsaw Puzzle Pack - Pixel Puzzles Ultimate: Dino Park,80,$5.89,$1.17,,,,https://store.steampowered.com/app/3059880/
Farmer Adventure,80,$5.89,$1.17,,,,https://store.steampowered.com/app/1852890/
Furious Sword,80,$5.89,$1.17,,,,https://store.steampowered.com/app/2202890/
Out of the ground,80,$5.89,$1.17,,,,https://store.steampowered.com/app/2202900/
Medieval Hero,80,$5.89,$1.17,,,,https://store.steampowered.com/app/1633210/
Sunny Beach,80,$5.89,$1.17,,,,https://store.steampowered.com/app/1776900/
DEAD GUN,80,$5.89,$1.17,,,,https://store.steampowered.com/app/1873800/
Prototype Blocks 2,80,$5.89,$1.17,,,,https://store.steampowered.com/app/1824390/
Station Osirius,80,$5.89,$1.17,,,,https://store.steampowered.com/app/1998110/
Pirate treasure,80,$5.89,$1.17,,,,https://store.steampowered.com/app/1998120/
Crash Forts,80,$5.89,$1.17,,,,https://store.steampowered.com/app/1998380/
ICE FLAME,80,$5.89,$1.17,,,,https://store.steampowered.com/app/2315580/
Nexus - The Jupiter Incident,80,$5.99,$1.19,85,987,positive,https://store.steampowered.com/app/6420/
XIIZEAL,80,$5.99,$1.19,88,59,positive,https://store.steampowered.com/app/364250/
MadSpace: To Hell and Beyond,80,$5.99,$1.19,85,28,positive,https://store.steampowered.com/app/351810/
Umihara Kawase Shun,80,$5.99,$1.19,90,95,positive,https://store.steampowered.com/app/384700/
Z.A.R.,80,$5.99,$1.19,78,61,positive,https://store.steampowered.com/app/351820/
TRIZEAL Remix,80,$5.99,$1.19,80,35,positive,https://store.steampowered.com/app/465070/
DELTAZEAL,80,$5.99,$1.19,73,73,positive,https://store.steampowered.com/app/379520/
EXZEAL,80,$5.99,$1.19,68,22,mixed,https://store.steampowered.com/app/465060/
Jigsaw Puzzle Pack - Pixel Puzzles Ultimate: Colorful,80,$5.99,$1.19,,,,https://store.steampowered.com/app/1952656/
Jigsaw Puzzle Pack - Pixel Puzzles Ultimate: Psychedelic,80,$5.99,$1.19,,,,https://store.steampowered.com/app/1952655/
Jigsaw Puzzle Pack - Pixel Puzzles Ultimate: Ukiyo-e 3,80,$5.99,$1.19,,,,https://store.steampowered.com/app/1952651/
Danger Room,80,$5.99,$1.19,,,,https://store.steampowered.com/app/552340/
Jigsaw Puzzle Pack - Pixel Puzzles Ultimate: Electro Macro,80,$5.99,$1.19,,,,https://store.steampowered.com/app/1952653/
Stunt Kite Party,80,$5.99,$1.19,,,,https://store.steampowered.com/app/960240/
Monster Prom,80,$6.19,$1.23,95,9021,positive,https://store.steampowered.com/app/743450/
The Land of Pain,80,$6.19,$1.23,77,583,positive,https://store.steampowered.com/app/568930/
Transport INC,80,$6.19,$1.23,69,1014,mixed,https://store.steampowered.com/app/936500/
An Octave Higher,80,$6.19,$1.23,81,280,positive,https://store.steampowered.com/app/352780/
Detective Club: Gallery of Shadows Collector's Edition,80,$6.19,$1.23,50,10,mixed,https://store.steampowered.com/app/3623550/
Shio,80,$6.19,$1.23,78,1270,positive,https://store.steampowered.com/app/525360/
Die for Valhalla!,80,$6.19,$1.23,70,99,positive,https://store.steampowered.com/app/606000/
Paws and Soul,80,$6.19,$1.23,52,122,mixed,https://store.steampowered.com/app/911510/
Bladeline VR,80,$6.19,$1.23,56,16,mixed,https://store.steampowered.com/app/778110/
Brave and Desire,80,$6.19,$1.23,34,23,negative,https://store.steampowered.com/app/2638210/
Legend of the Moon Scar,80,$6.19,$1.23,,,,https://store.steampowered.com/app/3222630/
Jigsaw Puzzle Pack - Pixel Puzzles Ultimate: Christmas 4,80,$6.19,$1.23,,,,https://store.steampowered.com/app/3059940/
Pixel Puzzles Ultimate: Masquerade,80,$6.19,$1.23,,,,https://store.steampowered.com/app/3059950/
Puzzle: Nature 2,80,$6.19,$1.23,,,,https://store.steampowered.com/app/2115050/
Ghost Master®,80,$6.24,$1.24,89,1722,positive,https://store.steampowered.com/app/6200/
Haunted Past: Realm of Ghosts,80,$6.24,$1.24,82,158,positive,https://store.steampowered.com/app/288840/
Avoid - Sensory Overload,80,$6.24,$1.24,87,185,positive,https://store.steampowered.com/app/286660/
Adventure Chronicles: The Search For Lost Treasure,80,$6.24,$1.24,67,80,mixed,https://store.steampowered.com/app/281240/
Back To Life 2,80,$6.24,$1.24,40,10,mixed,https://store.steampowered.com/app/299100/
Back To Life 3,80,$6.24,$1.24,,,,https://store.steampowered.com/app/335570/
Don't Be Afraid,80,$6.29,$1.25,81,801,positive,https://store.steampowered.com/app/760410/
Golf Club Nostalgia,80,$6.29,$1.25,83,1185,positive,https://store.steampowered.com/app/1556870/
Watch Me Stream My Mental Breakdown,80,$6.29,$1.25,70,27,positive,https://store.steampowered.com/app/996370/
The King's Bird,80,$6.33,$1.25,73,350,positive,https://store.steampowered.com/app/812550/
Frostpunk: On The Edge,80,$6.49,$1.29,47,1333,mixed,https://store.steampowered.com/app/1147010/
Kill It With Fire,80,$6.49,$1.29,96,2680,positive,https://store.steampowered.com/app/1179210/
I Am Bread,80,$6.49,$1.29,77,3181,positive,https://store.steampowered.com/app/327890/
Pilo and the Holobook,80,$6.49,$1.29,93,159,positive,https://store.steampowered.com/app/2423270/
LoveKami -Divinity Stage-,80,$6.49,$1.29,83,547,positive,https://store.steampowered.com/app/547340/
LoveKami -Healing Harem-,80,$6.49,$1.29,82,200,positive,https://store.steampowered.com/app/938270/
LoveKami -Useless Goddess-,80,$6.49,$1.29,81,314,positive,https://store.steampowered.com/app/626510/
End of Lines,80,$6.49,$1.29,92,56,positive,https://store.steampowered.com/app/1658960/
Swag and Sorcery,80,$6.49,$1.29,47,965,mixed,https://store.steampowered.com/app/929010/
Rage in Peace,80,$6.49,$1.29,89,283,positive,https://store.steampowered.com/app/658690/
Private Property,80,$6.49,$1.29,83,18,positive,https://store.steampowered.com/app/1481700/
Vampire's Fall: Origins,80,$6.49,$1.29,78,1048,positive,https://store.steampowered.com/app/1167950/
Alisa Quest,80,$6.49,$1.29,54,33,mixed,https://store.steampowered.com/app/1148360/
Soulace,80,$6.49,$1.29,54,11,mixed,https://store.steampowered.com/app/1339360/
Outbreak: The New Nightmare,80,$6.49,$1.29,66,245,mixed,https://store.steampowered.com/app/644480/
Crash Forts 2,80,$6.49,$1.29,83,12,positive,https://store.steampowered.com/app/2050470/
Puny BOB,80,$6.49,$1.29,90,10,positive,https://store.steampowered.com/app/2167900/
The Lost Abyss,80,$6.49,$1.29,100,10,positive,https://store.steampowered.com/app/2111390/
Stories school,80,$6.49,$1.29,81,11,positive,https://store.steampowered.com/app/2091230/
Obedient Servant,80,$6.49,$1.29,72,11,positive,https://store.steampowered.com/app/2111420/
THE MADMAN,80,$6.49,$1.29,55,18,mixed,https://store.steampowered.com/app/2050450/
Overruled!,80,$6.49,$1.29,60,20,mixed,https://store.steampowered.com/app/297740/
Punk Wars: Threat From Within,80,$6.49,$1.29,,,,https://store.steampowered.com/app/1932040/
Jigsaw Puzzle Pack - Pixel Puzzles Ultimate: Colorful 2,80,$6.49,$1.29,,,,https://store.steampowered.com/app/3059890/
Puzzle: Triangles,80,$6.49,$1.29,,,,https://store.steampowered.com/app/2167850/
SUN SHOT,80,$6.49,$1.29,,,,https://store.steampowered.com/app/2111400/
Unreal Vendetta,80,$6.49,$1.29,,,,https://store.steampowered.com/app/2111410/
Dagger of heroes,80,$6.49,$1.29,,,,https://store.steampowered.com/app/2091240/
Trials® Rising - Crash & Sunburn,80,$6.59,$1.31,,,,https://store.steampowered.com/app/924185/
Pixel Puzzles Ultimate: Variety Pack 10XS,80,$6.69,$1.33,,,,https://store.steampowered.com/app/3060030/
FTL: Faster Than Light,80,$6.79,$1.35,95,46914,positive,https://store.steampowered.com/app/212680/
Rosenkreuzstilette Freudenstachel,80,$6.79,$1.35,88,139,positive,https://store.steampowered.com/app/564160/
Cold Iron - Quick Draw Western Duels,80,$6.79,$1.35,76,39,positive,https://store.steampowered.com/app/543440/
NecroBouncer,80,$6.79,$1.35,75,96,positive,https://store.steampowered.com/app/1786830/
Rest In Pieces,80,$6.79,$1.35,57,40,mixed,https://store.steampowered.com/app/1172060/
Jigsaw Puzzle Pack - Pixel Puzzles Ultimate: Variety Pack 21,80,$6.79,$1.35,,,,https://store.steampowered.com/app/1952647/
Violent Witches: the Vindicator,80,$6.79,$1.35,,,,https://store.steampowered.com/app/1632220/
Dark Sweeper,80,$6.79,$1.35,,,,https://store.steampowered.com/app/2186940/
Trainz Railroad Simulator 2019,80,$6.84,$1.37,81,1577,positive,https://store.steampowered.com/app/553520/
Company of Heroes,80,$6.99,$1.39,94,5219,positive,https://store.steampowered.com/app/228200/
Crypt of the NecroDancer,80,$6.99,$1.39,95,12568,positive,https://store.steampowered.com/app/247080/
Clustertruck,80,$6.99,$1.39,93,9887,positive,https://store.steampowered.com/app/397950/
911 Operator,80,$6.99,$1.39,87,5504,positive,https://store.steampowered.com/app/503560/
Epic Battle Fantasy 4,80,$6.99,$1.39,97,1869,positive,https://store.steampowered.com/app/265610/
Guts and Glory,80,$6.99,$1.39,82,1887,positive,https://store.steampowered.com/app/537340/
A Fisherman's Tale,80,$6.99,$1.39,94,1085,positive,https://store.steampowered.com/app/559330/
Metal Unit,80,$6.99,$1.39,86,535,positive,https://store.steampowered.com/app/1173200/
Monaco: What's Yours Is Mine,80,$6.99,$1.39,92,2543,positive,https://store.steampowered.com/app/113020/
Kill It With Fire VR,80,$6.99,$1.39,88,133,positive,https://store.steampowered.com/app/1905220/
Immortal Planet,80,$6.99,$1.39,81,175,positive,https://store.steampowered.com/app/631980/
Cardboard Town,80,$6.99,$1.39,70,530,positive,https://store.steampowered.com/app/2198070/
La-Mulana,80,$6.99,$1.39,81,1474,positive,https://store.steampowered.com/app/230700/
If My Heart Had Wings,80,$6.99,$1.39,92,2029,positive,https://store.steampowered.com/app/326480/
Delivery INC,80,$6.99,$1.39,72,258,positive,https://store.steampowered.com/app/1793260/
Serial Cleaner,80,$6.99,$1.39,84,1361,positive,https://store.steampowered.com/app/522210/
Lia: Hacking Destiny,80,$6.99,$1.39,96,93,positive,https://store.steampowered.com/app/3740360/
Golf Gang,80,$6.99,$1.39,84,782,positive,https://store.steampowered.com/app/1151050/
Hue,80,$6.99,$1.39,92,1679,positive,https://store.steampowered.com/app/383270/
Along the Edge,80,$6.99,$1.39,89,333,positive,https://store.steampowered.com/app/504390/
No Time To Explain Remastered,80,$6.99,$1.39,83,1319,positive,https://store.steampowered.com/app/368730/
Rhythm Sprout: Sick Beats & Bad Sweets,80,$6.99,$1.39,92,619,positive,https://store.steampowered.com/app/1475840/
Seers Isle,80,$6.99,$1.39,91,169,positive,https://store.steampowered.com/app/738650/
Infinite Adventures®,80,$6.99,$1.39,89,134,positive,https://store.steampowered.com/app/607820/
BULLET SOUL,80,$6.99,$1.39,81,71,positive,https://store.steampowered.com/app/544580/
Mr. Shifty,80,$6.99,$1.39,88,855,positive,https://store.steampowered.com/app/489140/
Say No! More,80,$6.99,$1.39,91,1766,positive,https://store.steampowered.com/app/1191900/
Attack of the Earthlings,80,$6.99,$1.39,84,336,positive,https://store.steampowered.com/app/621930/
Wintermoor Tactics Club,80,$6.99,$1.39,87,538,positive,https://store.steampowered.com/app/917840/
Mayhem in Single Valley,80,$6.99,$1.39,85,178,positive,https://store.steampowered.com/app/622680/
Antihero,80,$6.99,$1.39,86,658,positive,https://store.steampowered.com/app/505640/
Who Pressed Mute on Uncle Marcus?,80,$6.99,$1.39,71,669,positive,https://store.steampowered.com/app/1628130/
World of Subways 2 – Berlin Line 7,80,$6.99,$1.39,75,302,positive,https://store.steampowered.com/app/283600/
Along Together,80,$6.99,$1.39,90,55,positive,https://store.steampowered.com/app/859640/
PLANET ALPHA,80,$6.99,$1.39,75,632,positive,https://store.steampowered.com/app/485030/
Steel Fury: Kharkov 1942,80,$6.99,$1.39,74,204,positive,https://store.steampowered.com/app/1351450/
Rainbow Reactor,80,$6.99,$1.39,94,71,positive,https://store.steampowered.com/app/789090/
Sprout Valley,80,$6.99,$1.39,70,108,positive,https://store.steampowered.com/app/1964820/
Visionarium 2 - The Descent,80,$6.99,$1.39,91,45,positive,https://store.steampowered.com/app/1917860/
BULLET SOUL INFINITE BURST,80,$6.99,$1.39,74,93,positive,https://store.steampowered.com/app/545060/
GARAGE: Bad Trip,80,$6.99,$1.39,74,404,positive,https://store.steampowered.com/app/878580/
CountryBalls Heroes,80,$6.99,$1.39,77,408,positive,https://store.steampowered.com/app/1083870/
Serment - Contract with a Devil,80,$6.99,$1.39,78,87,positive,https://store.steampowered.com/app/632900/
Munich Bus Simulator,80,$6.99,$1.39,59,319,mixed,https://store.steampowered.com/app/283560/
SPITLINGS,80,$6.99,$1.39,92,25,positive,https://store.steampowered.com/app/1002000/
Sockventure,80,$6.99,$1.39,86,46,positive,https://store.steampowered.com/app/1222340/
The Fridge is Red,80,$6.99,$1.39,52,138,mixed,https://store.steampowered.com/app/1532460/
Darksburg,80,$6.99,$1.39,63,1656,mixed,https://store.steampowered.com/app/939100/
Draw Rider 2,80,$6.99,$1.39,76,39,positive,https://store.steampowered.com/app/588630/
Road to Ballhalla,80,$6.99,$1.39,86,45,positive,https://store.steampowered.com/app/425410/
Startup Panic,80,$6.99,$1.39,55,211,mixed,https://store.steampowered.com/app/1045610/
Legendary Hoplite,80,$6.99,$1.39,63,335,mixed,https://store.steampowered.com/app/1479810/
Cyber Ops,80,$6.99,$1.39,42,108,mixed,https://store.steampowered.com/app/863460/
World of Subways 1 – The Path,80,$6.99,$1.39,62,113,mixed,https://store.steampowered.com/app/306370/
Phantom Trigger,80,$6.99,$1.39,51,45,mixed,https://store.steampowered.com/app/445870/
Ageless,80,$6.99,$1.39,69,56,mixed,https://store.steampowered.com/app/1210150/
Memoranda,80,$6.99,$1.39,68,107,mixed,https://store.steampowered.com/app/430410/
Slippery Richard! ~ He's Taller Than My Husband ~,80,$6.99,$1.39,65,29,mixed,https://store.steampowered.com/app/2174930/
FANTASYQUEST: ERRANDSAGA,80,$6.99,$1.39,50,16,mixed,https://store.steampowered.com/app/2879050/
Platonically Mauled by a Magic Cougar,80,$6.99,$1.39,47,17,mixed,https://store.steampowered.com/app/2171420/
Garden Buddies,80,$6.99,$1.39,66,74,mixed,https://store.steampowered.com/app/2429090/
Detached: Non-VR Edition,80,$6.99,$1.39,68,19,mixed,https://store.steampowered.com/app/848410/
Ancient Frontier: Steel Shadows,80,$6.99,$1.39,69,33,mixed,https://store.steampowered.com/app/734730/
Crystal Riders VR,80,$6.99,$1.39,100,12,positive,https://store.steampowered.com/app/2169060/
Aces of the Luftwaffe - Squadron,80,$6.99,$1.39,74,94,positive,https://store.steampowered.com/app/859350/
Community Inc,80,$6.99,$1.39,35,147,negative,https://store.steampowered.com/app/631540/
Habitat,80,$6.99,$1.39,32,171,negative,https://store.steampowered.com/app/299340/
Block'hood VR,80,$6.99,$1.39,25,12,negative,https://store.steampowered.com/app/787720/
SHOOTING STAR VR,80,$6.99,$1.39,,,,https://store.steampowered.com/app/2350290/
Kawaii Girls Panic,80,$6.99,$1.39,,,,https://store.steampowered.com/app/3833460/
King's Legacy: A Crown Divided Collector's Edition,80,$6.99,$1.39,,,,https://store.steampowered.com/app/3450600/
Marco & The Galaxy Dragon - Animation Storyboards,80,$6.99,$1.39,,,,https://store.steampowered.com/app/1254270/
Meteor World Actor Character Songs,80,$6.99,$1.39,,,,https://store.steampowered.com/app/1965460/
Old Stories: Fireheart,80,$6.99,$1.39,,,,https://store.steampowered.com/app/1575900/
Salthe - Vocal Collection,80,$6.99,$1.39,,,,https://store.steampowered.com/app/1368790/
The house of the missing hands,80,$6.99,$1.39,,,,https://store.steampowered.com/app/2733680/
Friends World,80,$6.99,$1.39,,,,https://store.steampowered.com/app/2361340/
Selatria,80,$7.00,$1.40,,,,https://store.steampowered.com/app/1052040/
Prince of Persia: The Forgotten Sands™,80,$7.29,$1.45,71,1421,positive,https://store.steampowered.com/app/33320/
Prince of Persia®: The Sands of Time,80,$7.29,$1.45,83,2407,positive,https://store.steampowered.com/app/13600/
Prince of Persia: The Two Thrones™,80,$7.29,$1.45,79,1229,positive,https://store.steampowered.com/app/13530/
Prince of Persia: Warrior Within™,80,$7.29,$1.45,80,1770,positive,https://store.steampowered.com/app/13500/
Prince of Persia®,80,$7.29,$1.45,78,1870,positive,https://store.steampowered.com/app/19980/
Tom Clancy’s The Division™ - Survival,80,$7.29,$1.45,81,504,positive,https://store.steampowered.com/app/556470/
Aspire: Ina's Tale,80,$7.29,$1.45,83,329,positive,https://store.steampowered.com/app/1720090/
Tom Clancy's The Division™ - Underground,80,$7.29,$1.45,61,377,mixed,https://store.steampowered.com/app/494630/
Zeit²,80,$7.29,$1.45,82,29,positive,https://store.steampowered.com/app/33390/
Trials Fusion - Awesome Level Max,80,$7.29,$1.45,76,21,positive,https://store.steampowered.com/app/381840/
Just Move:Clean City Messy Battle,80,$7.29,$1.45,45,11,mixed,https://store.steampowered.com/app/3414900/
Far Cry® 4 – Escape From Durgesh Prison,80,$7.29,$1.45,23,315,negative,https://store.steampowered.com/app/338620/
Tom Clancy's The Division™ - Last Stand,80,$7.29,$1.45,31,329,negative,https://store.steampowered.com/app/596190/
Mystery Phantoms: Ghostly Secrets Collector's Edition,80,$7.29,$1.45,,,,https://store.steampowered.com/app/4176490/
Chamber Survival,80,$7.29,$1.45,27,11,negative,https://store.steampowered.com/app/2943780/
SRPG Studio Desert Background,80,$7.29,$1.45,,,,https://store.steampowered.com/app/889120/
SRPG Studio Fantasy Background,80,$7.29,$1.45,,,,https://store.steampowered.com/app/982650/
Just Move Fall Dungeon Endless Abyss,80,$7.29,$1.45,,,,https://store.steampowered.com/app/3856040/
LivingForest,80,$7.29,$1.45,,,,https://store.steampowered.com/app/3027490/
Extreme Overtake,80,$7.29,$1.45,,,,https://store.steampowered.com/app/3138100/
LivingForest Apocalypse,80,$7.29,$1.45,,,,https://store.steampowered.com/app/3249620/
LivingBattle Rugby Office Worker,80,$7.29,$1.45,,,,https://store.steampowered.com/app/4036570/
LivingForest Dirty Buggy,80,$7.29,$1.45,,,,https://store.steampowered.com/app/4036610/
LivingForest Tired Waitress,80,$7.29,$1.45,,,,https://store.steampowered.com/app/4036620/
LivingBattle Office Building,80,$7.29,$1.45,,,,https://store.steampowered.com/app/4047700/
LivingForest Garbage Dump Diner,80,$7.29,$1.45,,,,https://store.steampowered.com/app/4047770/
LivingForest Island,80,$7.29,$1.45,,,,https://store.steampowered.com/app/3235460/
LivingForest BuildingCity,80,$7.29,$1.45,,,,https://store.steampowered.com/app/3241050/
LivingForest Metal Bat With Circular Saw,80,$7.29,$1.45,,,,https://store.steampowered.com/app/3782850/
LivingBattle Guitar,80,$7.29,$1.45,,,,https://store.steampowered.com/app/3782940/
LivingForest Lightweight Bandage AK47,80,$7.29,$1.45,,,,https://store.steampowered.com/app/3788460/
LivingBattle Modern City,80,$7.29,$1.45,,,,https://store.steampowered.com/app/3788480/
LivingForest Bandage Lighting AK47,80,$7.29,$1.45,,,,https://store.steampowered.com/app/3773040/
LivingBattle Normal M4A1,80,$7.29,$1.45,,,,https://store.steampowered.com/app/3773110/
LivingForest Outdoors Ambulance,80,$7.29,$1.45,,,,https://store.steampowered.com/app/3780130/
LivingBattle Ambulance,80,$7.29,$1.45,,,,https://store.steampowered.com/app/3780190/
LivingForest Baton,80,$7.29,$1.45,,,,https://store.steampowered.com/app/3927640/
LivingBattle Motorcycle Rider,80,$7.29,$1.45,,,,https://store.steampowered.com/app/3872010/
LivingForest Green Handguard Bat Wrapped With Wire,80,$7.29,$1.45,,,,https://store.steampowered.com/app/3872020/
LivingBattle Blue Mid Size Car,80,$7.29,$1.45,,,,https://store.steampowered.com/app/3813080/
LivingForest Multiple Bruises Zombie,80,$7.29,$1.45,,,,https://store.steampowered.com/app/3813100/
LivingBattle Chair,80,$7.29,$1.45,,,,https://store.steampowered.com/app/3818180/
LivingForest Broken Bandage M4A1,80,$7.29,$1.45,,,,https://store.steampowered.com/app/3818210/
LivingForest Leisurely Backpacker,80,$7.29,$1.45,,,,https://store.steampowered.com/app/3875430/
LivingBattle SCAR-H,80,$7.29,$1.45,,,,https://store.steampowered.com/app/3875450/
Frostpunk: The Last Autumn,80,$7.49,$1.49,76,1479,positive,https://store.steampowered.com/app/1146960/
Sayonara Umihara Kawase,80,$7.49,$1.49,94,163,positive,https://store.steampowered.com/app/378750/
The Crackpet Show,80,$7.49,$1.49,86,701,positive,https://store.steampowered.com/app/1390700/
Filament,80,$7.49,$1.49,86,623,positive,https://store.steampowered.com/app/1137350/
The Unliving,80,$7.49,$1.49,62,762,mixed,https://store.steampowered.com/app/986040/
Aveyond 4: Shadow of the Mist,80,$7.49,$1.49,90,96,positive,https://store.steampowered.com/app/433920/
Mind Scanners,80,$7.49,$1.49,78,1097,positive,https://store.steampowered.com/app/1389550/
Pandemic Train,80,$7.49,$1.49,57,237,mixed,https://store.steampowered.com/app/1379600/
Code of Princess,80,$7.49,$1.49,55,288,mixed,https://store.steampowered.com/app/408640/
Telefrag VR,80,$7.49,$1.49,71,38,positive,https://store.steampowered.com/app/916100/
Green Army Men,80,$7.49,$1.49,50,145,mixed,https://store.steampowered.com/app/1062590/
Train Sim World® 4: LNER Class A3 60103 Flying Scotsman Steam Loco Add-On,80,$7.49,$1.49,52,21,mixed,https://store.steampowered.com/app/2386180/
Train Sim World® 5: LNER Class A3 60103 Flying Scotsman Steam Loco Add-On,80,$7.49,$1.49,38,21,negative,https://store.steampowered.com/app/2970410/
Train Sim World® 6: LNER Class A3 60103 Flying Scotsman Steam Loco Add-On,80,$7.49,$1.49,,,,https://store.steampowered.com/app/3663180/
Squadron: Sky Guardians,80,$7.49,$1.49,38,13,negative,https://store.steampowered.com/app/673570/
Jigsaw Puzzle Pack - Pixel Puzzles Ultimate: Variety Pack 8XS,80,$7.49,$1.49,,,,https://store.steampowered.com/app/1952645/
Beyond the Soil: Farming & Tales,80,$7.49,$1.49,,,,https://store.steampowered.com/app/4616780/
Monstrum,80,$7.79,$1.55,89,1307,positive,https://store.steampowered.com/app/296710/
Blade Assault,80,$7.79,$1.55,74,1818,positive,https://store.steampowered.com/app/1367300/
Meteor World Actor: Badge & Dagger,80,$7.79,$1.55,88,356,positive,https://store.steampowered.com/app/1819160/
Firegirl: Hack 'n Splash Rescue DX,80,$7.79,$1.55,68,195,mixed,https://store.steampowered.com/app/1608550/
Table Manners: Physics-Based Dating Game,80,$7.79,$1.55,57,369,mixed,https://store.steampowered.com/app/1019450/
Red Faction,80,$7.99,$1.59,85,1602,positive,https://store.steampowered.com/app/20530/
Painkiller: Black Edition,80,$7.99,$1.59,89,1927,positive,https://store.steampowered.com/app/39530/
Train Station Renovation,80,$7.99,$1.59,84,1979,positive,https://store.steampowered.com/app/914010/
Once Upon a Jester,80,$7.99,$1.59,100,261,positive,https://store.steampowered.com/app/1668190/
Red Faction II,80,$7.99,$1.59,52,1016,mixed,https://store.steampowered.com/app/20550/
Fleet Command,80,$7.99,$1.59,88,459,positive,https://store.steampowered.com/app/2910/
Desta: The Memories Between,80,$7.99,$1.59,78,124,positive,https://store.steampowered.com/app/2009650/
Sub Command,80,$7.99,$1.59,74,136,positive,https://store.steampowered.com/app/2920/
Bet On Soldier,80,$7.99,$1.59,72,236,positive,https://store.steampowered.com/app/335320/
688(I) Hunter/Killer,80,$7.99,$1.59,81,216,positive,https://store.steampowered.com/app/2900/
Painkiller: Recurring Evil,80,$7.99,$1.59,40,354,mixed,https://store.steampowered.com/app/206760/
Worms Blast,80,$7.99,$1.59,64,183,mixed,https://store.steampowered.com/app/70650/
Trainz Route: The Shorts and Kerl Traction Railroad,80,$7.99,$1.59,,,,https://store.steampowered.com/app/662862/
Trainz Route: Bea-Dawe Model Railway,80,$7.99,$1.59,,,,https://store.steampowered.com/app/662864/
Brave Dungeon + Dark Witch's Story : Combat,80,$8.09,$1.61,88,44,positive,https://store.steampowered.com/app/1712820/
Graveyard Keeper,80,$8.19,$1.63,84,17651,positive,https://store.steampowered.com/app/599140/
For The King,80,$8.19,$1.63,88,11658,positive,https://store.steampowered.com/app/527230/
Streets of Rogue,80,$8.19,$1.63,96,8404,positive,https://store.steampowered.com/app/512900/
Planet of Lana,80,$8.19,$1.63,93,3971,positive,https://store.steampowered.com/app/1608230/
"Yes, Your Grace",80,$8.19,$1.63,85,5273,positive,https://store.steampowered.com/app/1115690/
Builder Simulator,80,$8.19,$1.63,72,1639,positive,https://store.steampowered.com/app/1120320/
Fruit Ninja VR 2,80,$8.19,$1.63,75,74,positive,https://store.steampowered.com/app/1575520/
Secret Neighbor: Hello Neighbor Multiplayer,80,$8.19,$1.63,85,4895,positive,https://store.steampowered.com/app/859570/
Farm Frenzy Collection,80,$8.19,$1.63,95,543,positive,https://store.steampowered.com/app/391000/
Crab God,80,$8.19,$1.63,82,268,positive,https://store.steampowered.com/app/2289390/
Party Hard 2,80,$8.19,$1.63,66,603,mixed,https://store.steampowered.com/app/572430/
VISCO Collection,80,$8.19,$1.63,91,12,positive,https://store.steampowered.com/app/2506690/
How to Survive,80,$8.19,$1.63,76,4619,positive,https://store.steampowered.com/app/250400/
Happy's Humble Burger Farm,80,$8.19,$1.63,93,1705,positive,https://store.steampowered.com/app/1433340/
Overcrowd: A Commute 'Em Up,80,$8.19,$1.63,81,1701,positive,https://store.steampowered.com/app/726110/
Faeria,80,$8.19,$1.63,83,1521,positive,https://store.steampowered.com/app/397060/
Rescue HQ - The Tycoon,80,$8.19,$1.63,77,737,positive,https://store.steampowered.com/app/809720/
Legend of Keepers: Career of a Dungeon Manager,80,$8.19,$1.63,76,1605,positive,https://store.steampowered.com/app/978520/
Gun Club VR,80,$8.19,$1.63,79,664,positive,https://store.steampowered.com/app/691320/
Plebby Quest: The Crusades,80,$8.19,$1.63,80,416,positive,https://store.steampowered.com/app/334310/
Landlord's Super,80,$8.19,$1.63,80,1443,positive,https://store.steampowered.com/app/1127840/
Amnesia: A Machine for Pigs,80,$8.19,$1.63,65,4394,mixed,https://store.steampowered.com/app/239200/
Greak: Memories of Azur,80,$8.19,$1.63,79,997,positive,https://store.steampowered.com/app/1311070/
The Alien Cube,80,$8.19,$1.63,80,555,positive,https://store.steampowered.com/app/1099220/
Gibbous -  A Cthulhu Adventure,80,$8.19,$1.63,87,1056,positive,https://store.steampowered.com/app/914020/
You Suck at Parking® - Complete Edition,80,$8.19,$1.63,88,496,positive,https://store.steampowered.com/app/837880/
Nope Nope Nurses,80,$8.19,$1.63,77,630,positive,https://store.steampowered.com/app/1846330/
Saimin Gakushū: Secret Desire,80,$8.19,$1.63,73,495,positive,https://store.steampowered.com/app/1788100/
Nitro Kid,80,$8.19,$1.63,89,410,positive,https://store.steampowered.com/app/1709050/
Bravery and Greed,80,$8.19,$1.63,78,640,positive,https://store.steampowered.com/app/943370/
Banners of Ruin,80,$8.19,$1.63,78,1256,positive,https://store.steampowered.com/app/1075740/
Masquerada: Songs and Shadows,80,$8.19,$1.63,88,348,positive,https://store.steampowered.com/app/459090/
Apsulov: End of Gods,80,$8.19,$1.63,86,1509,positive,https://store.steampowered.com/app/960980/
The Holy Gosh Darn,80,$8.19,$1.63,96,277,positive,https://store.steampowered.com/app/1466230/
8Doors: Arum's Afterlife Adventure,80,$8.19,$1.63,79,951,positive,https://store.steampowered.com/app/668550/
Rogue Heroes: Ruins of Tasos,80,$8.19,$1.63,80,1484,positive,https://store.steampowered.com/app/787810/
Hotshot Racing,80,$8.19,$1.63,78,1306,positive,https://store.steampowered.com/app/609920/
Tin Hearts,80,$8.19,$1.63,85,75,positive,https://store.steampowered.com/app/1831700/
HimeYoku: A Sacrifice of Lust and Grace,80,$8.19,$1.63,91,180,positive,https://store.steampowered.com/app/2126870/
Unsouled,80,$8.19,$1.63,72,266,positive,https://store.steampowered.com/app/1042920/
Main Assembly,80,$8.19,$1.63,83,1004,positive,https://store.steampowered.com/app/1078920/
Hokko Life,80,$8.19,$1.63,68,1853,mixed,https://store.steampowered.com/app/824000/
The Knight Witch,80,$8.19,$1.63,72,644,positive,https://store.steampowered.com/app/1872680/
Oaken,80,$8.19,$1.63,79,239,positive,https://store.steampowered.com/app/1348690/
JUSTICE SUCKS: Tactical Vacuum Action,80,$8.19,$1.63,95,200,positive,https://store.steampowered.com/app/856890/
Astebreed: Definitive Edition,80,$8.19,$1.63,87,1272,positive,https://store.steampowered.com/app/283680/
Orangeblood,80,$8.19,$1.63,70,342,positive,https://store.steampowered.com/app/1042670/
American Fugitive,80,$8.19,$1.63,77,1967,positive,https://store.steampowered.com/app/934780/
Yukiiro Sign,80,$8.19,$1.63,90,63,positive,https://store.steampowered.com/app/2307160/
Trash Sailors: Co-Op Trash Raft Simulator,80,$8.19,$1.63,67,187,mixed,https://store.steampowered.com/app/1132030/
Lunacy: Saint Rhodes,80,$8.19,$1.63,61,121,mixed,https://store.steampowered.com/app/874450/
GOCCO OF WAR,80,$8.19,$1.63,89,805,positive,https://store.steampowered.com/app/346730/
Great Deceiver,80,$8.19,$1.63,72,193,positive,https://store.steampowered.com/app/2060000/
Don't Knock Twice,80,$8.19,$1.63,72,661,positive,https://store.steampowered.com/app/328590/
Grand Casino Tycoon,80,$8.19,$1.63,64,48,mixed,https://store.steampowered.com/app/1271850/
Hover Junkers,80,$8.19,$1.63,61,689,mixed,https://store.steampowered.com/app/380220/
S2ENGINE HD,80,$8.19,$1.63,71,266,positive,https://store.steampowered.com/app/443970/
World of Subways 4 – New York Line 7,80,$8.19,$1.63,70,302,positive,https://store.steampowered.com/app/343070/
The Chronicles of Nyanya,80,$8.19,$1.63,92,79,positive,https://store.steampowered.com/app/704200/
Counter Terrorist Agency,80,$8.19,$1.63,43,480,mixed,https://store.steampowered.com/app/936490/
A Rogue Escape,80,$8.19,$1.63,76,42,positive,https://store.steampowered.com/app/1476100/
Dawn of Kagura: Maika's Story - The Dragon's Wrath,80,$8.19,$1.63,100,10,positive,https://store.steampowered.com/app/2085230/
Holy Paladin Cynthia,80,$8.19,$1.63,50,24,mixed,https://store.steampowered.com/app/2073570/
Undungeon,80,$8.19,$1.63,66,240,mixed,https://store.steampowered.com/app/928990/
Police Helicopter Simulator,80,$8.19,$1.63,49,83,mixed,https://store.steampowered.com/app/803890/
El Diablo Islands - Host,80,$8.19,$1.63,83,80,positive,https://store.steampowered.com/app/321620/
ALPHA-NIGHTHAWK,80,$8.19,$1.63,63,19,mixed,https://store.steampowered.com/app/2051100/
CODE SHIFTER,80,$8.19,$1.63,42,54,mixed,https://store.steampowered.com/app/976570/
Expedition Zero,80,$8.19,$1.63,44,90,mixed,https://store.steampowered.com/app/1247570/
Outpost Zero,80,$8.19,$1.63,51,579,mixed,https://store.steampowered.com/app/677480/
Cube Creator X,80,$8.19,$1.63,45,11,mixed,https://store.steampowered.com/app/898430/
The Emerald Tablet,80,$8.19,$1.63,57,21,mixed,https://store.steampowered.com/app/289060/
Waking,80,$8.19,$1.63,41,43,mixed,https://store.steampowered.com/app/1068600/
SRPG Studio Burning Background,80,$8.19,$1.63,,,,https://store.steampowered.com/app/4323870/
SRPG Studio Celestial Realm Background,80,$8.19,$1.63,,,,https://store.steampowered.com/app/1839290/
SRPG Studio Undersea Background,80,$8.19,$1.63,,,,https://store.steampowered.com/app/1949410/
SRPG Studio Tower and Prison Background,80,$8.19,$1.63,,,,https://store.steampowered.com/app/2564220/
SRPG Studio Retro Future Background,80,$8.19,$1.63,,,,https://store.steampowered.com/app/982660/
SRPG Studio Dark World Background,80,$8.19,$1.63,,,,https://store.steampowered.com/app/1109180/
SRPG Studio Foreign Land Background,80,$8.19,$1.63,,,,https://store.steampowered.com/app/1109190/
SRPG Studio Coal Mine Background,80,$8.19,$1.63,,,,https://store.steampowered.com/app/2992960/
BETA-SIXDOUZE,80,$8.19,$1.63,,,,https://store.steampowered.com/app/2051110/
TAMAKAGURA: Tales of Turmoil,80,$8.19,$1.63,,,,https://store.steampowered.com/app/2096400/
Draw Rider Remake,80,$8.19,$1.63,,,,https://store.steampowered.com/app/2341140/
Trainz Route: Belarusian Woodland,80,$8.19,$1.63,,,,https://store.steampowered.com/app/1178810/
Trainz Route: Belarusian Woodland,80,$8.19,$1.63,,,,https://store.steampowered.com/app/1202500/
PT+,80,$8.19,$1.63,,,,https://store.steampowered.com/app/1290390/
StarBall,80,$8.19,$1.63,,,,https://store.steampowered.com/app/821870/
Arise from Shadows,80,$8.19,$1.63,,,,https://store.steampowered.com/app/2108640/
Generation Zero®,80,$8.49,$1.69,76,18362,positive,https://store.steampowered.com/app/704270/
Fights in Tight Spaces,80,$8.49,$1.69,92,2441,positive,https://store.steampowered.com/app/1265820/
Monster Train,80,$8.49,$1.69,96,12256,positive,https://store.steampowered.com/app/1102190/
112 Operator,80,$8.49,$1.69,89,2205,positive,https://store.steampowered.com/app/793460/
SteamWorld Build,80,$8.49,$1.69,83,1885,positive,https://store.steampowered.com/app/2134770/
Tinykin,80,$8.49,$1.69,97,1378,positive,https://store.steampowered.com/app/1599020/
Dreamfall Chapters,80,$8.49,$1.69,80,1927,positive,https://store.steampowered.com/app/237850/
Spice&Wolf VR2,80,$8.49,$1.69,96,665,positive,https://store.steampowered.com/app/1348700/
BELOW,80,$8.49,$1.69,70,1305,positive,https://store.steampowered.com/app/250680/
狼と香辛料VR/Spice&WolfVR,80,$8.49,$1.69,92,1054,positive,https://store.steampowered.com/app/1065970/
Ocean's Heart,80,$8.49,$1.69,82,1406,positive,https://store.steampowered.com/app/1393750/
Astor: Blade of the Monolith,80,$8.49,$1.69,71,152,positive,https://store.steampowered.com/app/1989320/
Rustler (Grand Theft Horse),80,$8.49,$1.69,78,1227,positive,https://store.steampowered.com/app/844260/
Ash of Gods: Redemption,80,$8.49,$1.69,67,1095,mixed,https://store.steampowered.com/app/691690/
Yaga,80,$8.49,$1.69,81,550,positive,https://store.steampowered.com/app/888530/
KamiYaba: Destiny on a Dicey Deadline,80,$8.49,$1.69,91,386,positive,https://store.steampowered.com/app/1856480/
Kunado Chronicles,80,$8.49,$1.69,78,171,positive,https://store.steampowered.com/app/1934910/
As Far As The Eye,80,$8.49,$1.69,73,1642,positive,https://store.steampowered.com/app/1119700/
Trollhunters: Defenders of Arcadia,80,$8.49,$1.69,82,81,positive,https://store.steampowered.com/app/1344070/
Selfloss,80,$8.49,$1.69,75,258,positive,https://store.steampowered.com/app/1086620/
Arcaxer,80,$8.49,$1.69,86,23,positive,https://store.steampowered.com/app/1354540/
Deus Ex: Mankind Divided - System Rift,80,$8.49,$1.69,64,542,mixed,https://store.steampowered.com/app/413360/
Objects in Space,80,$8.49,$1.69,51,569,mixed,https://store.steampowered.com/app/824070/
Hotel Transylvania 3: Monsters Overboard,80,$8.49,$1.69,66,18,mixed,https://store.steampowered.com/app/757600/
Car Parking 2,80,$8.49,$1.69,64,17,mixed,https://store.steampowered.com/app/2222180/
Train Sim World® 2: Tees Valley Line: Darlington – Saltburn-by-the-Sea Route Add-On,80,$8.49,$1.69,88,26,positive,https://store.steampowered.com/app/1304442/
Car Parking,80,$8.49,$1.69,87,16,positive,https://store.steampowered.com/app/2202880/
Trainz Route: Balezino Mosti,80,$8.49,$1.69,72,11,positive,https://store.steampowered.com/app/520780/
Monster Collector,80,$8.49,$1.69,64,25,mixed,https://store.steampowered.com/app/1423090/
Magic Kingdom,80,$8.49,$1.69,60,20,mixed,https://store.steampowered.com/app/2115060/
Crime Scene,80,$8.49,$1.69,55,20,mixed,https://store.steampowered.com/app/2257070/
Train Sim World® 6: Tees Valley Line: Darlington – Saltburn-by-the-Sea Route Add-On,80,$8.49,$1.69,,,,https://store.steampowered.com/app/3662290/
Train Sim World® 5: Tees Valley Line: Darlington – Saltburn-by-the-Sea Route Add-On,80,$8.49,$1.69,,,,https://store.steampowered.com/app/2969510/
SRPG Studio Ship Material Collection,80,$8.49,$1.69,,,,https://store.steampowered.com/app/1742220/
Disaster Detective Saiga: An Indescribable Mystery,80,$8.49,$1.69,,,,https://store.steampowered.com/app/2308580/
Train Sim World® 3: Tees Valley Line: Darlington - Saltburn-by-the-Sea Route Add-On,80,$8.49,$1.69,,,,https://store.steampowered.com/app/1998872/
MORLUSH,80,$8.49,$1.69,,,,https://store.steampowered.com/app/2010720/
Martial Fire,80,$8.49,$1.69,,,,https://store.steampowered.com/app/2222160/
Crazy City Driving,80,$8.49,$1.69,,,,https://store.steampowered.com/app/2222170/
Flaming Thunderer,80,$8.49,$1.69,,,,https://store.steampowered.com/app/2257050/
Lone Traveler,80,$8.49,$1.69,,,,https://store.steampowered.com/app/2257060/
Train Sim World® 4: Tees Valley Line: Darlington – Saltburn-by-the-Sea Route Add-On,80,$8.49,$1.69,,,,https://store.steampowered.com/app/2375892/
Sunday Gold,80,$8.99,$1.79,77,687,positive,https://store.steampowered.com/app/1969440/
Mythic Ocean,80,$8.99,$1.79,97,110,positive,https://store.steampowered.com/app/814360/
ATONE: Heart of the Elder Tree,80,$8.99,$1.79,87,91,positive,https://store.steampowered.com/app/894620/
Lumberhill,80,$8.99,$1.79,77,156,positive,https://store.steampowered.com/app/976900/
Rad Rodgers - Radical Edition,80,$8.99,$1.79,62,99,mixed,https://store.steampowered.com/app/805660/
THE QUIET MAN™,80,$8.99,$1.79,38,602,negative,https://store.steampowered.com/app/790540/
World War 2 Operation Husky,80,$8.99,$1.79,,,,https://store.steampowered.com/app/1662350/
Escape from Junglekov,80,$9.08,$1.80,42,19,mixed,https://store.steampowered.com/app/4409050/
Retrowave Barro Crazy Drift,80,$9.08,$1.80,,,,https://store.steampowered.com/app/4285580/
SurrounDead Poly Construction,80,$9.09,$1.81,,,,https://store.steampowered.com/app/4148570/
SurrounDead Poly Construction Metal Polearm,80,$9.09,$1.81,,,,https://store.steampowered.com/app/4478400/
SurrounDead Poly Construction Metal Hammer,80,$9.09,$1.81,,,,https://store.steampowered.com/app/4451630/
SurrounDead Poly Construction Metal Axe,80,$9.09,$1.81,,,,https://store.steampowered.com/app/4460420/
SurrounDead Poly Construction Rapier,80,$9.09,$1.81,,,,https://store.steampowered.com/app/4405400/
SurrounDead Poly Construction Endless Desert,80,$9.09,$1.81,,,,https://store.steampowered.com/app/4282620/
SurrounDead Poly Construction Sword,80,$9.09,$1.81,,,,https://store.steampowered.com/app/4408980/
SurrounDead Poly Construction Curved Sword,80,$9.09,$1.81,,,,https://store.steampowered.com/app/4399820/
SurrounDead Poly Construction Wooden Club,80,$9.09,$1.81,,,,https://store.steampowered.com/app/4371530/
SurrounDead Poly Construction Starfish Axe,80,$9.09,$1.81,,,,https://store.steampowered.com/app/4491950/
SurrounDead Poly Construction Bone Polearm,80,$9.09,$1.81,,,,https://store.steampowered.com/app/4486010/
SurrounDead Poly Construction Bone Hammer,80,$9.09,$1.81,,,,https://store.steampowered.com/app/4468210/
SurrounDead Poly Construction Bone Arm,80,$9.09,$1.81,,,,https://store.steampowered.com/app/4325800/
SurrounDead Poly Construction Broken Shovel,80,$9.09,$1.81,,,,https://store.steampowered.com/app/4381800/
SurrounDead Poly Construction Bone Leg,80,$9.09,$1.81,,,,https://store.steampowered.com/app/4388230/
SurrounDead Poly ‌Japan Sakura,80,$9.09,$1.81,,,,https://store.steampowered.com/app/4479020/
SurrounDead Poly ‌Japan Sakura Japan Sword,80,$9.09,$1.81,,,,https://store.steampowered.com/app/4480030/
Retrowave Barro Crazy Drift Eastlands,80,$9.09,$1.81,,,,https://store.steampowered.com/app/4630930/
Retrowave Barro Crazy Drift Highlands,80,$9.09,$1.81,,,,https://store.steampowered.com/app/4630990/
Retrowave Barro Crazy Drift Islands,80,$9.09,$1.81,,,,https://store.steampowered.com/app/4631020/
Retrowave Barro Crazy Drift Meadows,80,$9.09,$1.81,,,,https://store.steampowered.com/app/4631040/
Retrowave Barro Crazy Drift Mountains,80,$9.09,$1.81,,,,https://store.steampowered.com/app/4631060/
Retrowave Barro Crazy Drift Nature,80,$9.09,$1.81,,,,https://store.steampowered.com/app/4631080/
Escape from Junglekov FireAxe,80,$9.09,$1.81,,,,https://store.steampowered.com/app/4631150/
Escape from Junglekov Hammer,80,$9.09,$1.81,,,,https://store.steampowered.com/app/4631170/
Escape from Junglekov Rifle,80,$9.09,$1.81,,,,https://store.steampowered.com/app/4631220/
Escape from Junglekov Sawed,80,$9.09,$1.81,,,,https://store.steampowered.com/app/4631230/
Escape from Junglekov Shot,80,$9.09,$1.81,,,,https://store.steampowered.com/app/4631290/
Escape from Junglekov Shovel,80,$9.09,$1.81,,,,https://store.steampowered.com/app/4631320/
SurrounDead Poly ‌Japan Sakura Sword,80,$9.09,$1.81,,,,https://store.steampowered.com/app/4725130/
SurrounDead Poly ‌Japan Sakura Metal Polearm,80,$9.09,$1.81,,,,https://store.steampowered.com/app/4725180/
SurrounDead Poly ‌Japan Sakura Metal  Axe,80,$9.09,$1.81,,,,https://store.steampowered.com/app/4725380/
SurrounDead Poly ‌Japan Sakura Hammer,80,$9.09,$1.81,,,,https://store.steampowered.com/app/4725430/
SurrounDead Poly ‌Japan Sakura Curved Sword,80,$9.09,$1.81,,,,https://store.steampowered.com/app/4725450/
I Am Fish,80,$9.19,$1.83,73,1073,positive,https://store.steampowered.com/app/1472560/
Company of Heroes: Tales of Valor,80,$9.49,$1.89,91,1642,positive,https://store.steampowered.com/app/20540/
Company of Heroes: Opposing Fronts,80,$9.49,$1.89,90,818,positive,https://store.steampowered.com/app/9340/
Wigmund,80,$9.99,$1.99,80,795,positive,https://store.steampowered.com/app/1164690/
System Shock: Enhanced Edition,80,$9.99,$1.99,91,1781,positive,https://store.steampowered.com/app/410710/
Patch Quest,80,$9.99,$1.99,95,1056,positive,https://store.steampowered.com/app/1347970/
Neversong,80,$9.99,$1.99,85,785,positive,https://store.steampowered.com/app/733210/
From Space,80,$9.99,$1.99,67,1425,mixed,https://store.steampowered.com/app/1502190/
LostWinds,80,$9.99,$1.99,83,566,positive,https://store.steampowered.com/app/447780/
Asdivine Hearts,80,$9.99,$1.99,85,41,positive,https://store.steampowered.com/app/406110/
Worms Crazy Golf,80,$9.99,$1.99,82,407,positive,https://store.steampowered.com/app/70620/
Megadimension Neptunia VII Digital Deluxe Set,80,$9.99,$1.99,93,45,positive,https://store.steampowered.com/app/488340/
Revenant Saga,80,$9.99,$1.99,70,20,positive,https://store.steampowered.com/app/522530/
Penarium,80,$9.99,$1.99,91,93,positive,https://store.steampowered.com/app/307590/
Antiquia Lost,80,$9.99,$1.99,86,22,positive,https://store.steampowered.com/app/648640/
LostWinds 2: Winter of the Melodias,80,$9.99,$1.99,84,293,positive,https://store.steampowered.com/app/447800/
Dragon Sinker,80,$9.99,$1.99,76,21,positive,https://store.steampowered.com/app/745830/
Perils of Man,80,$9.99,$1.99,77,180,positive,https://store.steampowered.com/app/347710/
The Dwarves - Digital Deluxe Edition Extras,80,$9.99,$1.99,70,10,positive,https://store.steampowered.com/app/545070/
Alien AI,80,$9.99,$1.99,60,10,mixed,https://store.steampowered.com/app/1483110/
Jumpala,80,$9.99,$1.99,69,33,mixed,https://store.steampowered.com/app/1278190/
Convoluted Incident: Pinch me,80,$9.99,$1.99,85,14,positive,https://store.steampowered.com/app/3107990/
The Land of Eyas,80,$9.99,$1.99,76,13,positive,https://store.steampowered.com/app/299800/
Only Trump: Up To Presidents!,80,$9.99,$1.99,67,40,mixed,https://store.steampowered.com/app/3108000/
Tears Revolude,80,$9.99,$1.99,,,,https://store.steampowered.com/app/504660/
Banner of the Maid,80,$10.00,$2.00,80,623,positive,https://store.steampowered.com/app/994730/
Marco & The Galaxy Dragon,80,$10.25,$2.05,94,485,positive,https://store.steampowered.com/app/1202540/
Police Simulator: Patrol Officers,80,$10.49,$2.09,74,10525,positive,https://store.steampowered.com/app/997010/
Frostpunk,80,$10.49,$2.09,92,39020,positive,https://store.steampowered.com/app/323190/
Hello Neighbor,80,$10.49,$2.09,84,10815,positive,https://store.steampowered.com/app/521890/
Bramble: The Mountain King,80,$10.49,$2.09,94,3243,positive,https://store.steampowered.com/app/1623940/
Wasteland 2: Director's Cut,80,$10.49,$2.09,81,3126,positive,https://store.steampowered.com/app/240760/
Blair Witch,80,$10.49,$2.09,77,3033,positive,https://store.steampowered.com/app/1092660/
Amnesia: Rebirth,80,$10.49,$2.09,75,4346,positive,https://store.steampowered.com/app/999220/
Hello Neighbor: Hide and Seek,80,$10.49,$2.09,87,1220,positive,https://store.steampowered.com/app/960420/
Yooka-Laylee and the Impossible Lair,80,$10.49,$2.09,84,875,positive,https://store.steampowered.com/app/846870/
Vampire: The Masquerade - Justice,80,$10.49,$2.09,64,235,mixed,https://store.steampowered.com/app/2431700/
Train Sim World® 6: LGV Mediterranee: Marseille - Avignon Route Add-On,80,$10.49,$2.09,53,15,mixed,https://store.steampowered.com/app/3662460/
The MISSING: J.J. Macfield and the Island of Memories,80,$10.49,$2.09,87,1196,positive,https://store.steampowered.com/app/842910/
Iwaihime,80,$10.49,$2.09,77,863,positive,https://store.steampowered.com/app/1372300/
Ravenbound,80,$10.49,$2.09,53,771,mixed,https://store.steampowered.com/app/1307660/
Master Magistrate,80,$10.49,$2.09,90,185,positive,https://store.steampowered.com/app/1066630/
Left-Hand Path,80,$10.49,$2.09,84,115,positive,https://store.steampowered.com/app/488760/
Neo ATLAS 1469,80,$10.49,$2.09,64,37,mixed,https://store.steampowered.com/app/532690/
Winds & Leaves,80,$10.49,$2.09,65,29,mixed,https://store.steampowered.com/app/1783750/
Train Sim World® 5: LGV Mediterranee: Marseille - Avignon Route Add-On,80,$10.49,$2.09,66,18,mixed,https://store.steampowered.com/app/2969690/
Train Sim World® 2: LGV Méditerranée: Marseille - Avignon Route Add-On,80,$10.49,$2.09,80,198,positive,https://store.steampowered.com/app/1418842/
Trailblazers,80,$10.49,$2.09,53,76,mixed,https://store.steampowered.com/app/621970/
TOTEMS 2,80,$10.49,$2.09,100,10,positive,https://store.steampowered.com/app/2050480/
RESOURCE RECON,80,$10.49,$2.09,100,10,positive,https://store.steampowered.com/app/2865870/
BLACK WEREWOLF,80,$10.49,$2.09,100,10,positive,https://store.steampowered.com/app/2865910/
Uncharted World,80,$10.49,$2.09,100,10,positive,https://store.steampowered.com/app/2948010/
Dead for Dread,80,$10.49,$2.09,100,10,positive,https://store.steampowered.com/app/3025730/
UNKILLABLE ROBOTS,80,$10.49,$2.09,100,10,positive,https://store.steampowered.com/app/3025740/
NAUS,80,$10.49,$2.09,100,10,positive,https://store.steampowered.com/app/3025770/
Demon Slayer,80,$10.49,$2.09,100,10,positive,https://store.steampowered.com/app/3025800/
Library Fantasy,80,$10.49,$2.09,90,11,positive,https://store.steampowered.com/app/2808770/
Knight's Saga Evil Goblins,80,$10.49,$2.09,100,12,positive,https://store.steampowered.com/app/2810110/
Dungeon & Adventure,80,$10.49,$2.09,78,14,positive,https://store.steampowered.com/app/2167860/
"Get Me Out, Please",80,$10.49,$2.09,67,31,mixed,https://store.steampowered.com/app/2441360/
Lost Hammer,80,$10.49,$2.09,53,15,mixed,https://store.steampowered.com/app/2167890/
Train Sim World® 4: LGV Mediterranee: Marseille - Avignon Route Add-On,80,$10.49,$2.09,62,16,mixed,https://store.steampowered.com/app/2375909/
Train Sim World® 3: LGV Mediterranee: Marseille - Avignon Route Add-On,80,$10.49,$2.09,58,34,mixed,https://store.steampowered.com/app/1998929/
HordounD,80,$10.49,$2.09,,,,https://store.steampowered.com/app/2050460/
Hero's black dungeon,80,$10.49,$2.09,,,,https://store.steampowered.com/app/2865900/
Night of the Assassins,80,$10.49,$2.09,,,,https://store.steampowered.com/app/2865920/
Rime's quest,80,$10.49,$2.09,,,,https://store.steampowered.com/app/2865930/
OPERATION TEMPLE,80,$10.49,$2.09,,,,https://store.steampowered.com/app/2808780/
Search of the Source,80,$10.49,$2.09,,,,https://store.steampowered.com/app/2808790/
Jade Guardian,80,$10.49,$2.09,,,,https://store.steampowered.com/app/2946040/
Inner Call,80,$10.49,$2.09,,,,https://store.steampowered.com/app/2167840/
Dark the Dead,80,$10.49,$2.09,,,,https://store.steampowered.com/app/3025760/
PACIFICATION LIGHT,80,$10.49,$2.09,,,,https://store.steampowered.com/app/3025820/
Far Cry® 4 Valley of the Yetis,80,$10.99,$2.19,75,606,positive,https://store.steampowered.com/app/324344/
Tom Clancy's Ghost Recon Wildlands - Year 2 Pass,80,$10.99,$2.19,57,297,mixed,https://store.steampowered.com/app/832700/
Tom Clancy's Ghost Recon® Wildlands - Fallen Ghosts,80,$10.99,$2.19,66,536,mixed,https://store.steampowered.com/app/573832/
Dread Templar,80,$10.99,$2.19,82,1096,positive,https://store.steampowered.com/app/1334730/
Watch_Dogs - Bad Blood,80,$10.99,$2.19,83,468,positive,https://store.steampowered.com/app/293061/
Tom Clancy's Ghost Recon® Wildlands - Narco Road,80,$10.99,$2.19,16,837,negative,https://store.steampowered.com/app/573831/
Null & Peta -Invasion of the Queen Bug-,80,$11.05,$2.21,70,91,positive,https://store.steampowered.com/app/1181520/
Pathologic 2,80,$11.99,$2.39,92,4622,positive,https://store.steampowered.com/app/505230/
Hellpoint,80,$11.99,$2.39,79,1619,positive,https://store.steampowered.com/app/628670/
星の欠片の物語。しかけ版,80,$11.99,$2.39,94,17,positive,https://store.steampowered.com/app/1827910/
Songs of Rats,80,$11.99,$2.39,78,50,positive,https://store.steampowered.com/app/3300470/
The Art of Blair Witch,80,$11.99,$2.39,93,16,positive,https://store.steampowered.com/app/1141711/
SRPG Studio Magic Effects Collection Vol2,80,$11.99,$2.39,,,,https://store.steampowered.com/app/1806060/
SRPG Studio Magic Effects Collection,80,$11.99,$2.39,,,,https://store.steampowered.com/app/1506270/
WRATH: Aeon of Ruin,80,$12.49,$2.49,75,1976,positive,https://store.steampowered.com/app/1000410/
GRAVEN,80,$12.49,$2.49,54,1064,mixed,https://store.steampowered.com/app/1371690/
Space Empires IV Deluxe,80,$12.49,$2.49,87,260,positive,https://store.steampowered.com/app/1610/
9th Company: Roots Of Terror,80,$12.49,$2.49,60,218,mixed,https://store.steampowered.com/app/12480/
Star Quest,80,$12.49,$2.49,,,,https://store.steampowered.com/app/4717860/
Chivalry 2,80,$12.99,$2.59,81,23884,positive,https://store.steampowered.com/app/1824220/
Trainz Railroad Simulator 2022,80,$12.99,$2.59,74,1217,positive,https://store.steampowered.com/app/1784570/
Train Sim World® 6: Schnellfahrstrecke Kassel - Würzburg Route Add-On,80,$12.99,$2.59,72,18,positive,https://store.steampowered.com/app/3662790/
Fantasy General II,80,$12.99,$2.59,82,1035,positive,https://store.steampowered.com/app/1025440/
FOCUS on YOU,80,$12.99,$2.59,91,786,positive,https://store.steampowered.com/app/1032670/
Virgo Versus The Zodiac,80,$12.99,$2.59,92,790,positive,https://store.steampowered.com/app/920320/
Ninki Seiyuu: How to Make a Pop Voice Actress,80,$12.99,$2.59,91,211,positive,https://store.steampowered.com/app/1777750/
Dragon Star Varnir,80,$12.99,$2.59,78,453,positive,https://store.steampowered.com/app/1062040/
99Vidas,80,$12.99,$2.59,76,405,positive,https://store.steampowered.com/app/557040/
The Smurfs - Village Party,80,$12.99,$2.59,76,25,positive,https://store.steampowered.com/app/2800630/
TRS22 Model Railroaders Edition,80,$12.99,$2.59,66,15,mixed,https://store.steampowered.com/app/2743520/
Super Magbot,80,$12.99,$2.59,89,204,positive,https://store.steampowered.com/app/1205170/
Train Sim World® 5: Schnellfahrstrecke Kassel - Würzburg Route Add-On,80,$12.99,$2.59,62,16,mixed,https://store.steampowered.com/app/2970050/
ROGAN: The Thief in the Castle,80,$12.99,$2.59,50,147,mixed,https://store.steampowered.com/app/966560/
Farm Racing,80,$12.99,$2.59,90,10,positive,https://store.steampowered.com/app/2807310/
Forest Keeper,80,$12.99,$2.59,84,13,positive,https://store.steampowered.com/app/2807320/
Unknown Signal,80,$12.99,$2.59,80,10,positive,https://store.steampowered.com/app/2808760/
Book of Spells 2,80,$12.99,$2.59,90,11,positive,https://store.steampowered.com/app/3022680/
Night Driver,80,$12.99,$2.59,90,10,positive,https://store.steampowered.com/app/3022690/
Magic University,80,$12.99,$2.59,90,10,positive,https://store.steampowered.com/app/2872730/
Forest Keeper 2,80,$12.99,$2.59,100,10,positive,https://store.steampowered.com/app/2861750/
Train Sim World® 4: Schnellfahrstrecke Kassel - Würzburg Route Add-On,80,$12.99,$2.59,71,14,positive,https://store.steampowered.com/app/2386127/
Survivor in the Forest 2,80,$12.99,$2.59,71,14,positive,https://store.steampowered.com/app/3019030/
Train Sim World® 3: Schnellfahrstrecke Kassel - Würzburg Route Add-On,80,$12.99,$2.59,69,36,mixed,https://store.steampowered.com/app/1998962/
Train Sim World® 6: Northeast Corridor: New York - Trenton,80,$12.99,$2.59,,,,https://store.steampowered.com/app/3663040/
Train Sim World® 5: Northeast Corridor: New York - Trenton,80,$12.99,$2.59,37,16,negative,https://store.steampowered.com/app/2970300/
Train Sim World® 4: Northeast Corridor: New York - Trenton,80,$12.99,$2.59,38,26,negative,https://store.steampowered.com/app/2386170/
Train Sim World® 3: Northeast Corridor: New York - Trenton,80,$12.99,$2.59,28,91,negative,https://store.steampowered.com/app/2182370/
Trainz Route: Beavermouth to Ottertail,80,$12.99,$2.59,,,,https://store.steampowered.com/app/1193640/
Magic Runes,80,$12.99,$2.59,,,,https://store.steampowered.com/app/2807340/
Successful business,80,$12.99,$2.59,,,,https://store.steampowered.com/app/2807360/
Rune Stones,80,$12.99,$2.59,,,,https://store.steampowered.com/app/3022750/
Snowy Flag,80,$12.99,$2.59,,,,https://store.steampowered.com/app/2871580/
Unknown Signal: Invasion,80,$12.99,$2.59,,,,https://store.steampowered.com/app/2871590/
Magic Ring,80,$12.99,$2.59,,,,https://store.steampowered.com/app/2861860/
After Us,80,$13.49,$2.69,84,404,positive,https://store.steampowered.com/app/1406810/
Arise: A Simple Story,80,$13.90,$2.78,91,889,positive,https://store.steampowered.com/app/866140/
Townsmen VR,80,$13.99,$2.79,83,426,positive,https://store.steampowered.com/app/749960/
Tools Up!,80,$13.99,$2.79,78,827,positive,https://store.steampowered.com/app/1004490/
Bee Simulator,80,$13.99,$2.79,80,753,positive,https://store.steampowered.com/app/914750/
The Hong Kong Massacre,80,$13.99,$2.79,73,1697,positive,https://store.steampowered.com/app/741510/
The Wizards - Dark Times: Brotherhood,80,$13.99,$2.79,72,435,positive,https://store.steampowered.com/app/1103860/
Arboria,80,$13.99,$2.79,78,546,positive,https://store.steampowered.com/app/924070/
The Bluecoats: North & South,80,$14.49,$2.89,61,176,mixed,https://store.steampowered.com/app/963220/
Assassin’s Creed® Rogue,80,$14.99,$2.99,86,7728,positive,https://store.steampowered.com/app/311560/
Trials® Rising,80,$14.99,$2.99,61,1576,mixed,https://store.steampowered.com/app/641080/
Trials Fusion™,80,$14.99,$2.99,64,1503,mixed,https://store.steampowered.com/app/245490/
Fruit Ninja VR,80,$14.99,$2.99,80,801,positive,https://store.steampowered.com/app/486780/
Red Faction Guerrilla Re-Mars-tered,80,$14.99,$2.99,80,2110,positive,https://store.steampowered.com/app/667720/
Torchlight,80,$14.99,$2.99,91,3481,positive,https://store.steampowered.com/app/41500/
Quest Hunter,80,$14.99,$2.99,80,821,positive,https://store.steampowered.com/app/487000/
Gear.Club Unlimited 2 - Ultimate Edition,80,$14.99,$2.99,67,399,mixed,https://store.steampowered.com/app/1557860/
The Bureau: XCOM Declassified,80,$14.99,$2.99,64,2917,mixed,https://store.steampowered.com/app/65930/
Agarest: Generations of War,80,$14.99,$2.99,70,1668,positive,https://store.steampowered.com/app/237890/
Blade Arcus from Shining: Battle Arena,80,$14.99,$2.99,82,233,positive,https://store.steampowered.com/app/446040/
Asterix & Obelix: Slap them All!,80,$14.99,$2.99,63,229,mixed,https://store.steampowered.com/app/1492310/
Queen of the Otaku: THERE CAN ONLY BE ONE,80,$14.99,$2.99,80,10,positive,https://store.steampowered.com/app/2375190/
Hitchhiker - A Mystery Game,80,$14.99,$2.99,67,167,mixed,https://store.steampowered.com/app/1003120/
Hypno-Mart,80,$14.99,$2.99,60,20,mixed,https://store.steampowered.com/app/2375180/
Agatha Christie - Hercule Poirot: The London Case,80,$15.99,$3.19,54,250,mixed,https://store.steampowered.com/app/2223740/
Headbangers: Rhythm Royale,80,$15.99,$3.19,69,983,mixed,https://store.steampowered.com/app/1761620/
DreamWorks Dragons: Legends of The Nine Realms,80,$15.99,$3.19,82,34,positive,https://store.steampowered.com/app/1721440/
The Walking Dead: Destinies,80,$15.99,$3.19,41,709,mixed,https://store.steampowered.com/app/2192790/
DreamWorks Trolls Remix Rescue,80,$15.99,$3.19,64,31,mixed,https://store.steampowered.com/app/2199930/
Undead Inc.,80,$15.99,$3.19,27,158,negative,https://store.steampowered.com/app/2104880/
Company of Heroes - Legacy Edition,80,$16.49,$3.29,93,2727,positive,https://store.steampowered.com/app/4560/
Worms Ultimate Mayhem,80,$16.99,$3.39,86,1667,positive,https://store.steampowered.com/app/70600/
Metamorphosis,80,$16.99,$3.39,83,467,positive,https://store.steampowered.com/app/1025410/
Sweet Transit,80,$17.49,$3.49,67,1120,mixed,https://store.steampowered.com/app/1612770/
Operation Wolf Returns: First Mission,80,$17.49,$3.49,73,73,positive,https://store.steampowered.com/app/1852650/
Battle Chasers: Nightwar,80,$17.99,$3.59,85,2453,positive,https://store.steampowered.com/app/451020/
Dying Light,80,$18.00,$3.60,94,99131,positive,https://store.steampowered.com/app/239140/
Dying Light - Cuisine & Cargo,80,$18.00,$3.60,88,337,positive,https://store.steampowered.com/app/302101/
Dying Light - The Bozak Horde,80,$18.00,$3.60,56,1422,mixed,https://store.steampowered.com/app/325723/
Assassin’s CreedⓇ Odyssey - The Fate of Atlantis,80,$18.49,$3.69,64,1646,mixed,https://store.steampowered.com/app/937892/
Assassin’s CreedⓇ Odyssey – Legacy of the First Blade,80,$18.49,$3.69,40,1872,mixed,https://store.steampowered.com/app/937891/
Transference™,80,$18.49,$3.69,69,476,mixed,https://store.steampowered.com/app/647570/
Starlink: Battle for Atlas - Collection pack 1,80,$18.49,$3.69,,,,https://store.steampowered.com/app/1075520/
Space Empires V,80,$18.74,$3.74,73,423,positive,https://store.steampowered.com/app/1690/
Puzzle Kingdoms,80,$18.74,$3.74,60,130,mixed,https://store.steampowered.com/app/23700/
Dead Space™ 3,80,$19.99,$3.99,68,5267,mixed,https://store.steampowered.com/app/1238060/
Dead Space™ 2,80,$19.99,$3.99,93,12015,positive,https://store.steampowered.com/app/47780/
Torchlight II,80,$19.99,$3.99,93,17514,positive,https://store.steampowered.com/app/200710/
After the Fall®,80,$19.99,$3.99,76,1542,positive,https://store.steampowered.com/app/751630/
UnMetal,80,$19.99,$3.99,91,861,positive,https://store.steampowered.com/app/1203710/
Turok 2: Seeds of Evil,80,$19.99,$3.99,91,1632,positive,https://store.steampowered.com/app/405830/
Agatha Christie - Murder on the Orient Express,80,$19.99,$3.99,82,1081,positive,https://store.steampowered.com/app/1904790/
SRPG Studio,80,$19.99,$3.99,84,270,positive,https://store.steampowered.com/app/857320/
Blacksad: Under the Skin,80,$19.99,$3.99,79,1727,positive,https://store.steampowered.com/app/1003890/
Agarest: Generations of War 2,80,$19.99,$3.99,57,218,mixed,https://store.steampowered.com/app/312790/
The Dwarves,80,$19.99,$3.99,74,1189,positive,https://store.steampowered.com/app/403970/
CHAOS CODE -NEW SIGN OF CATASTROPHE-,80,$19.99,$3.99,90,253,positive,https://store.steampowered.com/app/536560/
Agarest: Generations of War Zero,80,$19.99,$3.99,72,350,positive,https://store.steampowered.com/app/260130/
Mugen Souls Z,80,$19.99,$3.99,73,75,positive,https://store.steampowered.com/app/466920/
Mugen Souls,80,$19.99,$3.99,69,249,mixed,https://store.steampowered.com/app/389870/
Senko no Ronde 2,80,$19.99,$3.99,77,48,positive,https://store.steampowered.com/app/574160/
ADR1FT,80,$19.99,$3.99,57,1139,mixed,https://store.steampowered.com/app/300060/
"Warhammer 40,000: Dawn of War II - Anniversary Edition (Classic)",80,$19.99,$3.99,84,4677,positive,https://store.steampowered.com/app/15620/
Gambit!,80,$19.99,$3.99,26,38,negative,https://store.steampowered.com/app/1736120/
Far Cry® 4,80,$21.99,$4.39,81,25165,positive,https://store.steampowered.com/app/298110/
The Great War: Western Front™,80,$21.99,$4.39,65,1873,mixed,https://store.steampowered.com/app/2109370/
Might & Magic X - Legacy,80,$21.99,$4.39,64,1745,mixed,https://store.steampowered.com/app/238750/
Champions of Anteria™,80,$21.99,$4.39,49,153,mixed,https://store.steampowered.com/app/374520/
Temtem,80,$22.49,$4.49,82,17970,positive,https://store.steampowered.com/app/745920/
Tools Up! Ultimate Edition,80,$22.99,$4.59,76,111,positive,https://store.steampowered.com/app/2551920/
Ghostrunner 2,80,$23.99,$4.79,79,3193,positive,https://store.steampowered.com/app/2144740/
Dead Rising 3 Apocalypse Edition,80,$23.99,$4.79,76,6062,positive,https://store.steampowered.com/app/265550/
Dead Rising 4,80,$23.99,$4.79,60,1673,mixed,https://store.steampowered.com/app/543460/
Test Drive Unlimited Solar Crown,80,$24.99,$4.99,38,2891,negative,https://store.steampowered.com/app/1249970/
FlatOut: Ultimate Carnage Collector's Edition,80,$24.99,$4.99,87,2102,positive,https://store.steampowered.com/app/12360/
Worms Revolution,80,$24.99,$4.99,83,2239,positive,https://store.steampowered.com/app/200170/
Yonder: The Cloud Catcher Chronicles,80,$24.99,$4.99,81,1546,positive,https://store.steampowered.com/app/580200/
Worms Clan Wars,80,$24.99,$4.99,77,1678,positive,https://store.steampowered.com/app/233840/
Getsuei Gakuen -kou-,80,$24.99,$4.99,88,26,positive,https://store.steampowered.com/app/411390/
Detached,80,$24.99,$4.99,62,233,mixed,https://store.steampowered.com/app/436230/
Almighty: Kill Your Gods,80,$24.99,$4.99,61,321,mixed,https://store.steampowered.com/app/1206600/
Manga Maker Comipo,80,$24.99,$4.99,76,643,positive,https://store.steampowered.com/app/262490/
The Abbey,80,$24.99,$4.99,57,61,mixed,https://store.steampowered.com/app/313200/
Classified: France '44,80,$25.49,$5.09,70,844,positive,https://store.steampowered.com/app/2085370/
Pathfinder: Wrath of the Righteous - Enhanced Edition,80,$27.99,$5.59,81,18565,positive,https://store.steampowered.com/app/1184370/
Warhammer Age of Sigmar: Realms of Ruin,80,$27.99,$5.59,55,1867,mixed,https://store.steampowered.com/app/1844380/
Pathfinder: Wrath of the Righteous - The Last Sarkorians,80,$27.99,$5.59,82,167,positive,https://store.steampowered.com/app/2266770/
Pathfinder: Wrath of the Righteous - A Dance of Masks,80,$27.99,$5.59,86,279,positive,https://store.steampowered.com/app/2564580/
Pathfinder: Wrath of the Righteous - The Lord of Nothing,80,$27.99,$5.59,72,169,positive,https://store.steampowered.com/app/2564570/
Pathfinder: Wrath of the Righteous - Inevitable Excess,80,$27.99,$5.59,41,406,mixed,https://store.steampowered.com/app/1889980/
Pathfinder: Wrath of the Righteous - Through the Ashes,80,$27.99,$5.59,60,495,mixed,https://store.steampowered.com/app/1889981/
Pathfinder: Wrath of the Righteous – The Treasure of the Midnight Isles,80,$27.99,$5.59,38,507,negative,https://store.steampowered.com/app/2064590/
Assassin's Creed® Syndicate,80,$29.99,$5.99,78,10220,positive,https://store.steampowered.com/app/368500/
Echoes of the End: Enhanced Edition,80,$29.99,$5.99,77,1490,positive,https://store.steampowered.com/app/2821610/
Worms W.M.D,80,$29.99,$5.99,83,4797,positive,https://store.steampowered.com/app/327030/
Need for Speed™ Hot Pursuit Remastered,80,$29.99,$5.99,79,5929,positive,https://store.steampowered.com/app/1328660/
Arcana Heart 3 LOVEMAX SIXSTARS!!!!!! XTEND,80,$29.99,$5.99,85,325,positive,https://store.steampowered.com/app/661990/
MotoGP™23,80,$29.99,$5.99,78,747,positive,https://store.steampowered.com/app/2100160/
Yuuna and the Haunted Hot Springs The Thrilling Steamy Maze Kiwami,80,$29.99,$5.99,56,23,mixed,https://store.steampowered.com/app/2436340/
MONSTER HUNTER RISE,80,$32.99,$6.59,87,34569,positive,https://store.steampowered.com/app/1446780/
Resident Evil 2,80,$32.99,$6.59,96,59034,positive,https://store.steampowered.com/app/883710/
Far Cry® New Dawn,80,$32.99,$6.59,74,14408,positive,https://store.steampowered.com/app/939960/
Resident Evil 3,80,$32.99,$6.59,82,32614,positive,https://store.steampowered.com/app/952060/
Dying Light: The Following,80,$32.99,$6.59,78,1498,positive,https://store.steampowered.com/app/325724/
DRAGON QUEST MONSTERS: The Dark Prince,80,$34.99,$6.99,71,1160,positive,https://store.steampowered.com/app/2175540/
Nayuta no Kiseki: KAI,80,$34.99,$6.99,84,127,positive,https://store.steampowered.com/app/1732390/
Million Arthur: Arcana Blood,80,$34.99,$6.99,80,296,positive,https://store.steampowered.com/app/989550/
Tom Clancy's Ghost Recon® Wildlands,80,$36.99,$7.39,77,41361,positive,https://store.steampowered.com/app/460930/
FlatOut 4: Total Insanity,80,$37.49,$7.49,53,1938,mixed,https://store.steampowered.com/app/402130/
Dying Light 2 Stay Human: Reloaded Edition,80,$39.99,$7.99,77,69157,positive,https://store.steampowered.com/app/534380/
STAR WARS Jedi: Fallen Order™,80,$39.99,$7.99,88,83823,positive,https://store.steampowered.com/app/1172380/
Mass Effect™: Andromeda Deluxe Edition,80,$39.99,$7.99,72,10094,positive,https://store.steampowered.com/app/1238000/
"Warhammer 40,000: Dawn of War III",80,$39.99,$7.99,47,7892,mixed,https://store.steampowered.com/app/285190/
Gigantosaurus: Dino Sports,80,$39.99,$7.99,,,,https://store.steampowered.com/app/2238260/
